Id,Source,Translation,Comment
JWK-Action-AbandonKeys,Abandon keys,鍵を手放す,
JWK-Action-CannotBeLockpicked,This lock cannot be picked.,ピッキング不可,
JWK-Action-CleanUp,Clean up,片付ける,
JWK-Action-CollectDogtag,Collect dogtag,ドッグタグを回収,
JWK-Action-Disassembly,Disassemble,解体,
JWK-Action-DismantleCamp,Dismantle camp,キャンプを撤去,
JWK-Action-EditSign,Edit sign,看板を編集,
JWK-Action-EpinephrineInject,Inject epinephrine,エピネフリンを注射,
JWK-Action-FollowMe,Ask to follow,同行を頼む,
JWK-Action-GetInWanted,Get in (wanted),乗る（指名手配中）,
JWK-Action-GetInWantedSuffix,(wanted),（指名手配中）,
JWK-Action-ImportResources,Import resources,物資を搬入,
JWK-Action-ImportVehicles,Import vehicles,車両を搬入,
JWK-Action-Lock,Lock,ロック,
JWK-Action-LockVehicle,Lock vehicle,車両をロック,
JWK-Action-Locked,Locked,ロック済み,
JWK-Action-ManagePlayerGarage,Manage garage,ガレージ管理,
JWK-Action-PickLock,Pick lock,ピッキング,
JWK-Action-PickUp,Pick up,拾う,
JWK-Action-PlayerRest,Rest,休む,
JWK-Action-Recruit,Recruit,仲間に加える,
JWK-Action-RequiresLockpick,Requires lockpick.,ロックピックが必要,
JWK-Action-Shop,Shop,ショップ,
JWK-Action-StayHere,Ask to stay,ここで待つよう頼む,
JWK-Action-StopCharacter,Stop,呼び止める,
JWK-Action-TakeBus,Take bus,バスに乗る,
JWK-Action-TakeCommand,Take command,指揮を執る,
JWK-Action-TakeFerry,Take ferry,フェリーに乗る,
JWK-Action-TakeKeys,Take keys,鍵を取る,
JWK-Action-Talk,Talk,話す,
JWK-Action-Trade,Trade,取引,
JWK-Action-TransferFuel,Transfer fuel,燃料を移送,
JWK-Action-Unlock,Unlock,アンロック,
JWK-Action-UnlockVehicle,Unlock vehicle,車両をアンロック,
JWK-Action-UsePhone,Use phone,電話を使う,
JWK-ActionReason-DisassemblyAreaNotEmpty,Other constructions need to be disassembled first.,先にほかの建造物を解体する必要があります。,
JWK-ActionReason-NotEnoughMoney,Not enough money.,所持金不足,
JWK-ActionReason-SubordinatesLimit,Commanding limit reached.,指揮人数上限,
JWK-AdminUI-ClearNearbyBodies,Clear nearby bodies,近くの遺体を片付ける,
JWK-AdminUI-ClearNearbyItems,Clear nearby items,近くのアイテムを片付ける,
JWK-AdminUI-ForceSaveGame,Force save game,強制セーブ,
JWK-AdminUI-OpenSettings,Open settings,設定を開く,
JWK-AdminUI-ResetGlobalDestruction,Reset destruction (global),破壊状態をリセット（全体）,
JWK-AdminUI-ResetNearbyDestruction,Reset destruction (nearby),破壊状態をリセット（周辺）,
JWK-AdminUI-Title,Admin menu,管理者メニュー,
JWK-AdminUI-WipeSaveData,Wipe save data,セーブデータを消去,
JWK-Arland-Airport,Airport,空港,
JWK-Arland-NewfieldFarm,Newfield Farm,ニューフィールドファーム,
JWK-BankUI-Amount,Amount,金額,
JWK-BankUI-MoneyTransfer,Money transfer,送金,
JWK-BankUI-Perform,Perform,実行,
JWK-BankUI-Recipient,Receiver,受取人,
JWK-BankUI-YourMoney,Your money,所持金,
JWK-BattleFallbackTitle,Battle,戦闘,
JWK-BattlePlayerLosing,Resistance is losing control...,レジスタンスが支配権を失いつつあります…,
JWK-BattleProgress,Battle in progress...,戦闘中…,
JWK-BrokenSave-Text,"Save game data incompatible with this version of the mod has been detected. Please start a new campaign or revert the update to continue playing.<br/><br/>Use the ""<b>Restart</b>"" option in the pause menu or the ""<b>Wipe save data</b>"" in the admin menu to restart.",現在のMODバージョンと互換性のないセーブデータが見つかりました。プレイを続けるには、新しいキャンペーンを開始するか、アップデート前のバージョンに戻してください。<br/><br/>やり直すには、ポーズメニューの「<b>再起動</b>」または管理者メニューの「<b>セーブデータを消去</b>」を使用してください。,
JWK-BuildItem-ArmoryFOB,Field armory,野戦武器庫,
JWK-BuildItem-ArmoryFOB_Description,Buy weapons and ammunition.,武器と弾薬を購入できます。,
JWK-BuildItem-ArmoryFOB_DescriptionLong,Gives access to weapons and ammunitions belonging to the resistance. Items are purchased using supplies.,レジスタンスに属する武器と弾薬へのアクセスを提供します。アイテムは物資を使用して購入されます。,
JWK-BuildItem-ArmoryMOB,Allied armory,友軍武器庫,
JWK-BuildItem-ArmoryMOB-Description,Buy weapons and ammunition.,武器と弾薬を購入できます。,
JWK-BuildItem-ArmoryMOB-DescriptionLong,Gives access to weapons and ammunitions provided by the allied faction. Items are purchased using supplies.,友軍勢力が提供する武器と弾薬へのアクセスを許可します。アイテムは物資を使用して購入されます。,
JWK-BuildItem-Bunker,Bunker,バンカー,
JWK-BuildItem-Bunker_Description,Cozy place for your sentries.,見張りのための居心地の良い場所。,
JWK-BuildItem-Bunker_DescriptionLong,Place it in a good observation spot.,見晴らしのよい場所に設置しましょう。,
JWK-BuildItem-CommandPost,Command post,指揮所,
JWK-BuildItem-CommandPost_Description,Have an officer on site.,現地に将校を配置。,
JWK-BuildItem-CommandPost_DescriptionLong,Gain access to a resistance officer being present on site.,現地にレジスタンス将校を配置できます。,
JWK-BuildItem-EquipmentStoreFOB,Equipment store,装備品店,
JWK-BuildItem-EquipmentStoreFOB_Description,Buy clothing and equipment.,衣服と装備を購入できます。,
JWK-BuildItem-EquipmentStoreFOB_DescriptionLong,Gives access to uniforms and other equipment belonging to the resistance. Items are purchased using supplies.,レジスタンスに属する制服やその他の装備へのアクセスを許可します。アイテムは物資を使用して購入されます。,
JWK-BuildItem-EquipmentStoreMOB,Equipment store,装備品店,
JWK-BuildItem-EquipmentStoreMOB_Description,Buy clothing and equipment.,衣服と装備を購入できます。,
JWK-BuildItem-EquipmentStoreMOB_DescriptionLong,Gives access to uniforms and other equipment provided by the allied faction. Items are purchased using supplies.,友軍勢力が提供する制服やその他の装備へのアクセスが可能になります。アイテムは物資を使用して購入されます。,
JWK-BuildItem-FieldFuelStorage,Field fuel storage,野外燃料貯蔵庫,
JWK-BuildItem-FieldFuelStorage_Description,Store a large amount of fuel.,大量の燃料を貯蔵できます。,
JWK-BuildItem-FieldFuelStorage_DescriptionLong,"Stores 3000 litres of fuel, but cannot be used to refuel vehicles.",3000リットルの燃料を貯蔵できますが、車両への給油には使用できません。,
JWK-BuildItem-FieldGarageMedium,Medium Garage,中型ガレージ,
JWK-BuildItem-FieldGarageMedium_Description,Store 2 vehicles.,車両を2台保管できます。,
JWK-BuildItem-FieldGarageMedium_DescriptionLong,"Allows assigning two ground vehicles to prevent them from being lost, and enables retrieving them from far away.",2台の地上車両を割り当てて紛失を防ぎ、遠くからでも回収できるようになります。,
JWK-BuildItem-FieldGarageSmall,Small Garage,小型ガレージ,
JWK-BuildItem-FieldGarageSmall_Description,Store 1 vehicle.,車両を1台保管できます。,
JWK-BuildItem-FieldGarageSmall_DescriptionLong,"Allows assigning a single ground vehicle to prevent it from being lost, and enables retrieving it from far away.",地上車両を1台登録して消失を防ぎ、遠隔地から回収できるようにします。,
JWK-BuildItem-FiringPosition,Firing position,射撃陣地,
JWK-BuildItem-FiringPosition_Description,Prepare for unwanted guests.,招かれざる客に備えます。,
JWK-BuildItem-FiringPosition_DescriptionLong,Basic defence composition.,基本的な防御陣地です。,
JWK-BuildItem-FuelPoint,Fuel point,給油所,
JWK-BuildItem-FuelPoint_Description,Refuel vehicles.,車両に給油できます。,
JWK-BuildItem-FuelPoint_DescriptionLong,Allows to refuel ground vehicles.,地上車両に給油できます。,
JWK-BuildItem-GuardTower,Guard tower,監視塔,
JWK-BuildItem-GuardTower_Description,Get a better view.,周囲を見渡せます。,
JWK-BuildItem-Helipad,Helipad,ヘリパッド,
JWK-BuildItem-HelipadRepair,Service Helipad,整備用ヘリパッド,
JWK-BuildItem-HelipadRepair_Description,Repair helicopters.,ヘリコプターを修理できます。,
JWK-BuildItem-HelipadRepair_DescriptionLong,Service helipad allows to assign a single helicopter and enables helicopter refueling and repairing. Can be constructed only in airbases.,ヘリコプターを1機登録でき、給油と修理が可能になります。空軍基地にのみ建設できます。,
JWK-BuildItem-Helipad_Description,Store single helicopter.,ヘリコプターを1機格納できます。,
JWK-BuildItem-Helipad_DescriptionLong,"Helipad allows to assign a single helicopter, which protects it from being lost and enables retrieving it from far away. Basic version without refueling or repairing abilities.",ヘリコプターを1機登録して消失を防ぎ、遠隔地から回収できるようにします。給油・修理機能のない基本型です。,
JWK-BuildItem-LivingArea,Living area,居住区,
JWK-BuildItem-LivingArea_Description,Shelter recruits.,新兵の居住場所です。,
JWK-BuildItem-LivingArea_DescriptionLong,Provides living space for a few soldiers that can be recruited.,雇用可能な兵士数名分の居住スペースを提供します。,
JWK-BuildItem-MedicalTent,Medical tent,医療テント,
JWK-BuildItem-MedicalTent_Description,Heal wounds and recover faster.,負傷を治療し、回復を早めます。,
JWK-BuildItem-MedicalTent_DescriptionLong,Medical tent improves injury regeneration and allows to purchase medical goods using supplies.,負傷からの回復を早め、物資を使って医療アイテムを購入できるようにします。,
JWK-BuildItem-Mortar,Mortar,迫撃砲,
JWK-BuildItem-Mortar_Description,Send a message over long distance.,遠距離の敵に一発お見舞いします。,
JWK-BuildItem-Mortar_DescriptionLong,Complete mortar emplacement. Projectiles can be purchased using supplies.,迫撃砲陣地一式です。砲弾は物資で購入できます。,
JWK-BuildItem-StorageLarge,Large supplies storage,大型物資貯蔵庫,
JWK-BuildItem-StorageLarge-Description,Store 3000 supplies.,物資を3000保管できます。,
JWK-BuildItem-StorageLarge-DescriptionLong,Allows you to store 3000 supplies.,物資を3000保管できます。,
JWK-BuildItem-StorageMedium,Medium supplies storage,中型物資貯蔵庫,
JWK-BuildItem-StorageMedium-Description,Store 1500 supplies.,物資を1500保管できます。,
JWK-BuildItem-StorageMedium-DescriptionLong,Allows you to store 1500 supplies.,物資を1500保管できます。,
JWK-BuildItem-StorageSmall,Small supplies storage,小型物資貯蔵庫,
JWK-BuildItem-StorageSmall-Description,Store 700 supplies.,物資を700保管できます。,
JWK-BuildItem-StorageSmall-DescriptionLong,Allows you to store 700 supplies. First one can be constructed for free.,物資を700保管できます。最初の1棟は無料で建設できます。,
JWK-BuildItem-VehicleDepot,Vehicle Depot,車両基地,
JWK-BuildItem-VehicleDepot_Description,Procure vehicles.,車両を調達できます。,
JWK-BuildItem-VehicleDepot_DescriptionLong,Allows you to procure vehicles and store 1 vehicle.,車両を調達し、1台保管できます。,
JWK-BuildItem-VehicleRamp,Vehicle maintenance ramp,車両整備台,
JWK-BuildItem-VehicleRamp_Description,Repair vehicles.,車両を修理できます。,
JWK-BuildItem-VehicleRamp_DescriptionLong,Allows you to repair ground vehicles.,地上車両を修理できます。,
JWK-BuildUI-Cost,Cost:,コスト：,
JWK-BuildUI-Title,Build,建築,
JWK-CTA-ConstructionMenu,Construction menu,建設メニュー,
JWK-CTA-HideoutResupply,Resupply hideout,隠れ家に補給,
JWK-CTA-HideoutTakeSupplies,Take hideout supplies,隠れ家から物資を取る,
JWK-CTA-ManageVehicles,Manage vehicles,車両を管理,
JWK-CTA-OpenMenu,Freedom Fighters,Freedom Fighters,
JWK-CTA-ParkVehicle,Park vehicle,車両を駐車,
JWK-CTA-Radio,Use radio,無線機を使う,
JWK-CTA-TimeToWithstand,Withstand...,持ちこたえる…,
JWK-CTA-TownDonateSupplies,Donate supplies to civilians,民間人に物資を寄付,
JWK-CharacterMenu,Character Menu,キャラクターメニュー,
JWK-CharacterUI-Age,Age,年齢,
JWK-CharacterUI-Birthday,Birthday,誕生日,
JWK-CharacterUI-Birthplace,Birthplace,出身地,
JWK-CharacterUI-BloodType,Blood type,血液型,
JWK-CharacterUI-CharacterWanted,Wanted dead or alive.,生死を問わず指名手配中。,
JWK-CharacterUI-Title,Profile,プロフィール,
JWK-CharacterUI-VehicleWanted,Uses a wanted vehicle.,指名手配車両を使用中。,
JWK-ConsoleUI-BackToMenu,Back to menu,メニューに戻る,
JWK-ConsoleUI-Text,"Due to missing modding features, the single player and local hosting experience is unavailable on console systems. We suggest setting up a private dedicated server or joining a public one.",MOD機能の制約により、コンソール版ではシングルプレイとローカルホストを利用できません。非公開の専用サーバーを用意するか、公開サーバーに参加してください。,
JWK-ConsoleUI-Title,Unavailable on consoles,コンソール版では利用不可,
JWK-ConstructUI-Title,Construct,建設,
JWK-ConvoAction-Convert,Convince to support,支持を求める,
JWK-ConvoAction-Extort,Extort money,金を脅し取る,
JWK-ConvoChoice-AskHideoutLocation,Ask for a meeting,会う場所を尋ねる,
JWK-ConvoChoice-AskJob,Ask for a job,仕事がないか尋ねる,
JWK-ConvoChoice-Confirm,Confirm,決定,
JWK-ConvoChoice-FollowMe,Ask to follow,同行を頼む,
JWK-ConvoChoice-GetPoster,Ask for posters,ポスターを頼む,
JWK-ConvoChoice-Liberate,Liberate,解放,
JWK-ConvoChoice-ReportBack,Report back,報告,
JWK-ConvoChoice-ReportResistance,Report resistance activity,レジスタンスの活動を通報,
JWK-ConvoChoice-RequestReinforcements,Reinforcements,増援,
JWK-ConvoChoice-RequestSupport,Request support,支援を要請,
JWK-ConvoChoice-ResignJob,Resign from a job,仕事を断念,
JWK-ConvoChoice-StopFollowing,Ask to stay,ここで待つよう頼む,
JWK-ConvoChoice-Trade,Trade,取引,
JWK-ConvoChoice-TurnDogtags,Turn in dogtags,ドッグタグを提出,
JWK-DialogUI-AddonConflictWarning-Message,Detected following addons that are known to conflict with Freedom Fighters.,Freedom Fightersと競合する既知のアドオンが検出されました。,
JWK-DialogUI-AddonConflictWarning-MessageClient,Unexpected gameplay bugs can occur while playing on this server.,このサーバーでプレイすると、予期しない不具合が発生する可能性があります。,
JWK-DialogUI-AddonConflictWarning-MessageOwner,Consider unloading them to ensure a bug-free experience.,不具合を避けるため、該当するアドオンを無効にすることを検討してください。,
JWK-DialogUI-AddonConflictWarning-Title,Addons conflict,アドオンの競合,
JWK-DialogUI-DestructionResetInfo-Message,"Restored objects may collide with constructions or vehicles left in place of destroyed objects, causing undesired effects. This is an experimental feature and it is recommended to back up your save.<br/><br/>Once you confirm this action, you have to force save and restart the server for the changes to take effect.",復元したオブジェクトが、破壊前の位置に残された建造物や車両と重なり、予期しない問題を起こす可能性があります。この機能は実験段階のため、事前にセーブデータをバックアップしてください。<br/><br/>確定後、変更を反映するには強制セーブを実行してサーバーを再起動する必要があります。,
JWK-DialogUI-DestructionResetInfo-Title,Destruction reset,破壊リセット,
JWK-DialogUI-OnlineForceSave-Message,"Forced save will perform entire save in a single operation, which may block the server on large maps and with a lot of data. This may cause remote players, including you, to lose connection. This does not affect the save operation itself.",強制セーブでは、すべてのデータを一度に保存します。大規模なマップやデータ量が多い場合はサーバーが一時停止し、自分を含むリモートプレイヤーの接続が切れる可能性があります。セーブ処理自体には影響しません。,
JWK-DialogUI-OnlineForceSave-Title,Online session warning,オンラインセッションの警告,
JWK-DialogUI-OnlineReset-Message,"Are you sure to wipe the campaign save data? After proceeding the scenario will automatically restart.<br/><br/><b><color rgba='255,0,0,255'>WARNING: THIS OPERATION CANNOT BE REVERTED. YOU WILL LOSE ALL PROGRESS.</color></b>","キャンペーンのセーブデータを消去しますか？ 続行するとシナリオが自動的に再起動します。<br/><br/><b><color rgba='255,0,0,255'>警告：この操作は元に戻せません。すべての進行状況が失われます。</color></b>",
JWK-DialogUI-OnlineReset-Title,Wipe warning,データ消去の警告,
JWK-DialogUI-SettingsImport-Failed,Your clipboard does not contain valid settings.,クリップボードには有効な設定が含まれていません。,
JWK-DifficultyPreset-Custom,Custom,Custom,
JWK-DifficultyPreset-Easy,Easy,Easy,
JWK-DifficultyPreset-Extreme,Extreme,Extreme,
JWK-DifficultyPreset-Hard,Hard,Hard,
JWK-DifficultyPreset-Normal,Normal,Normal,
JWK-Dogtag_Description,Used to identify dead bodies found on the battlefield.,戦場の遺体を識別するための認識票。,
JWK-Dogtag_Name_Dynamic,%1 dogtags,%1 個のドッグタグ,
JWK-Dogtag_Name_Universal,Dogtags,ドッグタグ,
JWK-EHint-ClothesBloodied,Your clothes are bloodied. Wearing them breaks your disguise and makes you attract enemy attention. You should change your clothes or go for a swim.,衣服が血で汚れています。着用すると変装が解け、敵の注意を引きます。着替えるか、水中に入って汚れを落としてください。,
JWK-EHint-ClothesCleaned,Your clothes have been cleaned. Wearing them will not make you suspicious anymore.,衣服の血を洗い落としました。着用しても怪しまれません。,
JWK-EHint-Combatant,"You will be treated as a combatant when openly carrying weapons or wearing combatant attire. Watch out, as you may become wanted if enemies see you.",公然と武器を携行したり戦闘服を着たりした場合、戦闘員として扱われます。敵に見つかると指名手配される可能性があるので注意してください。,
JWK-EHint-Wanted,You are now wanted by the enemy. Hide in a safe place and remain out of sight for some time to lose the heat.,敵から指名手配されました。安全な場所に隠れ、しばらく姿を見られずにいれば手配度が下がります。,
JWK-EditSignUI-Text,Text,文字,
JWK-EditSignUI-TextColor,Text color,文字色,
JWK-EditSignUI-TextSize,Text size,文字サイズ,
JWK-EditSignUI-Title,Edit Sign,看板を編集,
JWK-EditorAttrib-Heat,Heat level,手配度,
JWK-EditorAttrib-HeatDescription,Set to 0% to remove wanted status.,0%に設定すると指名手配状態を解除します。,
JWK-EditorAttrib-LockState,Locked,施錠済み,
JWK-EditorAttrib-Money,Money,資金,
JWK-EndGameUI-GameOver,Defeat,Defeat,
JWK-EndGameUI-GameOverDescription,"Despite best efforts and heroic fight, %1 has failed to liberate %2. %3 forces are here to stay for a long time. Next time pay more attention to population support and logistics of your revolution. No military effort in history succeeded without these elements.",最善を尽くして勇敢に戦いましたが、%1は%2の解放に失敗しました。%3軍による支配は今後も長く続くでしょう。次は住民の支持と革命軍の兵站をより重視してください。歴史上、この二つを欠いて成功した軍事行動はありません。,
JWK-EndGameUI-VictoryDescription,"Great job! Thanks to the relentless effort made by %1, the population of %2 will no longer be opressed by %3 forces. These heroic acts will be remembered by many generations to come.",%1の絶え間ない奮闘により、%2の人々は%3軍の支配から解放されました。その英雄的な行いは、後世まで語り継がれるでしょう。,
JWK-EndGameUI-VictoryTitle,Victory,Victory,
JWK-EpinephrineInfoWidget-Name,Use this to wake up incapacitated persons. Can be also self administered.,行動不能者を蘇生します。自分にも使用できます。,
JWK-EpinephrineItem-Desc,One time use injector with a dose of epinephrine.,エピネフリンを1回分充填した使い捨て注射器。,
JWK-EpinephrineItem-Name,Epinephrine,エピネフリン,
JWK-Everon-Airport,Airport,空港,
JWK-Everon-Barracks,Barracks,兵舎,
JWK-Everon-CementPlant,Cement Plant,セメント工場,
JWK-Everon-ChotainFarm,Chotain Farm,Chotain農場,
JWK-Everon-ConcretePlant,Concrete Plant,コンクリート工場,
JWK-Everon-EtoupeFarm,Etoupe Farm,エトゥープ農園,
JWK-Everon-FieldHospital,Field Hospital,野戦病院,
JWK-Everon-Headquarters,Headquarters,本部,
JWK-Everon-LeMouleSawmill,Le Moule Sawmill,ル・ムール製材所,
JWK-Everon-LogisticsWarehouse,Logistics Warehouse,物流倉庫,
JWK-Everon-MontignacFactory,Montignac Factory,モンティニャック工場,
JWK-Everon-MontignacFarm,Montignac Farm,モンティニャック農園,
JWK-Everon-PowerPlant,Power Plant,発電所,
JWK-Everon-Quarry,Quarry,採石場,
JWK-Everon-ReginaSawmill,Regina Sawmill,レジーナ製材所,
JWK-Everon-TrainingGrounds,Training Grounds,訓練場,
JWK-Everon-VDAlmaraFactory,VD Almara Factory,VD アルマラ工場,
JWK-FM-Bases-Armories-06dedf77-Differenttypesof,"Different types of armories can be built, depending on the operating base type:<br/>- <b>Allied armory</b> is available at <b>military bases</b> and offers weapons and ammunition of your supporting faction.<br/>- <b>Field armory</b> is available at <b>FOBs</b> and offers weapons and ammunition of the player faction.",作戦基地の種類に応じて、建設できる武器庫が異なります。<br/>- <b>友軍武器庫</b>は<b>軍事基地</b>に建設でき、友軍勢力の武器と弾薬を扱います。<br/>- <b>野戦武器庫</b>は<b>FOB</b>に建設でき、プレイヤー勢力の武器と弾薬を扱います。,
JWK-FM-Bases-Armories-3345caf7-Armoriesallowthe,Armories allow the purchase of weapons and ammunition using resources stored at the base.,武器庫では、基地に保管されている物資を使用して武器や弾薬を購入できます。,
JWK-FM-Bases-Armories-5ab7756b-Onlyonearmorycan,Only one armory can be built per location.,武器庫は 1 つの場所に 1 つだけ建設できます。,
JWK-FM-Bases-Armories-Title,Armories,武器庫,
JWK-FM-Bases-Commandposts-1d12a9f5-Onlyonecommandpo,Only one command post can be built per location.,1 つの場所に建設できる指揮所は 1 つだけです。,
JWK-FM-Bases-Commandposts-8bb1df98-Commandpostenabl,"Command post enables you to have a <b>resistance officer</b> on site, allowing you to hand in dogtags, take posters or missions in your operating base, without the need to travel to a hideout.",指揮所を建設すると、現地に<b>レジスタンス将校</b>が配置されます。隠れ家へ移動しなくても、作戦基地でドッグタグの提出、ポスターの受け取り、任務の受注ができます。,
JWK-FM-Bases-Commandposts-Title,Command posts,指揮所,
JWK-FM-Bases-Equipmentstores-15a94709-Onlyoneequipment,Only one equipment store can be built per location.,各地点に建設できる装備品店は1軒だけです。,
JWK-FM-Bases-Equipmentstores-234eb810-Differenttypesof,"Different types of stores can be built, depending on the operating base type:",作戦基地のタイプに応じて、さまざまなタイプの店舗を構築できます。,
JWK-FM-Bases-Equipmentstores-25aa81fd-Alliedequipments,- <b>Allied equipment</b> store is available at <b>military bases</b> and offers equipment of your supporting faction.<br/>- <b>Field equipment</b> store is available at <b>FOBs</b> and offers equipment of the player faction.,- <b>友軍装備品店</b>は<b>軍事基地</b>に建設でき、友軍勢力の装備を扱います。<br/>- <b>野戦装備品店</b>は<b>FOB</b>に建設でき、プレイヤー勢力の装備を扱います。,
JWK-FM-Bases-Equipmentstores-Title,Equipment stores,装備品店,
JWK-FM-Bases-Equipmentstores-d8a71344-Equipmentstoresa,Equipment stores allow you to purchase uniforms and non-lethal equipment using resources stored at the base.,装備品店では、基地に保管されている物資を使用して制服や非致死装備を購入できます。,
JWK-FM-Bases-Garages-146a4e35-Somegaragefacili,"Some garage facilities enable <b>vehicle procurement</b>, which can be accessed from the garage management interface.",一部のガレージ施設では、ガレージ管理画面から<b>車両調達</b>を利用できます。,
JWK-FM-Bases-Garages-7fa445f9-Toassignavehicle,"To assign a vehicle, you have the park it in the spot, come to a full stop and select the relevant option from the <b>radial menu</b>. Your vehicle must fit into the spot and have a matching type - for example, you can't assign a car to a helipad. You will see an on-screen prompt when the option is available.",車両を登録するには、駐車スペース内で完全に停止し、<b>ラジアルメニュー</b>から該当する項目を選びます。車両の種類と大きさが駐車スペースに適合している必要があります。たとえば、自動車をヘリパッドには登録できません。登録可能になると、画面に操作案内が表示されます。,
JWK-FM-Bases-Garages-Title,Garages,ガレージ,
JWK-FM-Bases-Garages-b53ad449-Sometypesofgarag,"Some types of garages can be constructed, but you can also find existing garage buildings in captured locations. All types of garages are marked on the map with a parking icon.",ガレージは建設できるほか、制圧した地点に既設のものが見つかる場合もあります。すべてのガレージは、マップ上に駐車アイコンで表示されます。,
JWK-FM-Bases-Garages-bf4454ea-Torecoveravehicl,"To recover a vehicle, you have to interact with a parking spot sign, always found somewhere near the spot. Be mindful, as the recovery will cost you money and/or resources, depending on the distance the vehicle is transported over. You also need to ensure the spot is not obstructed. You can also abandon the vehicle in the same interface, if you want to free up the spot.",車両を回収するには、駐車スペース付近の看板を操作します。回収には、車両の輸送距離に応じて資金や物資が必要です。駐車スペースが塞がれていないことも確認してください。同じ画面から車両を放棄し、登録枠を空けることもできます。,
JWK-FM-Bases-Garages-f2449fb2-Garagesallowyout,"Garages allow you to assign vehicles to one or more parking spots. Assigning a vehicle enables to recover it from afar and protects it from despawning, which is very useful if you lose your vehicle, for example because of a sudden death.",ガレージには、1台以上の車両を駐車スペースへ登録できます。登録した車両はデスポーンせず、離れた場所から回収できます。死亡などで車両を失った場合に役立ちます。,
JWK-FM-Bases-Helipads-4c0655af-Additionallytore,"Additionally to regular helipads, military bases allow to construct a <b>service helipad</b>, which can be used to repair and rearm helicopters.",通常のヘリパッドに加えて、軍事基地ではヘリコプターの修理や再武装に使用できる<b>整備用ヘリパッド</b>の建設が許可されています。,
JWK-FM-Bases-Helipads-6d36d2ee-Helipadsofferasi,"Helipads offer a single parking spot to which helicopters can be assigned, and otherwise they are identical in functionality to garages.",ヘリパッドは、ヘリコプターを割り当てられる単一の駐車スポットを提供します。それ以外の機能はガレージと同じです。,
JWK-FM-Bases-Helipads-Title,Helipads,ヘリパッド,
JWK-FM-Bases-Medicaltents-5c66037a-Medicaltentsoffe,"Medical tents offer faster regeneration for <b>freedom fighters</b> residing inside. They are also a source for medical items such as bandages or epinephrine, which can be obtained by spending resources at the tent.",医療用テントでは、滞在中の<b>レジスタンス兵</b>が通常より早く回復します。また、物資を消費して包帯やエピネフリンなどの医療アイテムを入手できます。,
JWK-FM-Bases-Medicaltents-Title,Medical tents,医療テント,
JWK-FM-Bases-Operatingbases-118e8b9d-FOBsarefieldbase,"FOBs are field bases and as such, offer fewer capabilities than <b>military bases</b>, and their armory and equipment assortment is limited to resistance assets. However, they can be established very early, before the resistance is strong enough to overtake a military base, and/or may be placed in very advantageous locations.",FOBは野戦基地のため、<b>軍事基地</b>より機能が少なく、武器庫や装備品店ではレジスタンスの装備だけを扱います。一方、軍事基地を制圧できる戦力が整う前から設置でき、戦略上有利な場所を自由に選べます。,
JWK-FM-Bases-Operatingbases-1aa99fda-ForwardOperating,Forward Operating Bases,前線作戦基地（FOB）,
JWK-FM-Bases-Operatingbases-202a74c5-Militarybasesare,"<b>Military bases</b> are existing locations in the world, controlled by the enemy. After they are taken over, they can be used as <b>operating bases</b>.",<b>軍事基地</b>は、敵によって管理されている世界の既存の場所です。占領後は<b>作戦基地</b>として利用可能です。,
JWK-FM-Bases-Operatingbases-2ffe51ca-FOBscanbeestabli,"FOBs can be established by resistance members using the entrenchment tool, via the placement menu. They need to be placed at a sufficient distance from enemy-controlled facilities, towns and other points of interest. You can use <b>FOB Placement</b> map tool to plan the location in advance.",レジスタンス兵は、塹壕構築ツールを装備して配置メニューを開くとFOBを設置できます。敵施設、町、その他の重要地点から十分に離す必要があります。<b>FOB配置</b>マップツールを使えば、設置可能な場所を事前に確認できます。,
JWK-FM-Bases-Operatingbases-6b95ccef-Militarybases,Military bases,軍事基地,
JWK-FM-Bases-Operatingbases-849cfd95-Theyaresomewhatc,"They are somewhat complementary to <b>FOBs</b>, as they offer more possibilities at the cost of their fixed placement. Fighters will find here regular army equipment of the <b>allied forces</b> and more construction options.",軍事基地は設置場所を選べない代わりに、<b>FOB</b>より多くの機能を備えています。<b>友軍</b>の正規軍装備を利用でき、建設できる施設も増えます。,
JWK-FM-Bases-Operatingbases-Title,Operating bases,作戦基地,
JWK-FM-Bases-Operatingbases-b1d88111-Therearetwotypes,"There are two types of operating bases, as described below.",作戦基地には以下の 2 種類があります。,
JWK-FM-Bases-Operatingbases-c2aae2f7-Operatingbasesar,"Operating bases are locations in which resistance members can construct buildings and fortifications, store resources, operate garages, repair and refuel vehicles, and more. If enough resources are stored, an operating base may be used as a <b>respawn location</b>.",作戦基地では、建物や防御設備の建設、物資の保管、ガレージの運用、車両の修理・給油などを行えます。十分な物資があれば、<b>リスポーン地点</b>としても利用できます。,
JWK-FM-Bases-Repairstations-87234f74-Repairstationsal,"Repair stations allow to repair vehicles of relevant category. To repair ground vehicles, build a <b>vehicle maintenance ramp</b>. To repair helicopters, build a <b>service helipad</b>. Follow base game mechanics to carry out the repairs - equip yourself with a wrench and approach the damaged elements until you see a relevant action. The repairs will consume resources stored at the location.",整備施設では、対応する種類の車両を修理できます。地上車両には<b>車両整備台</b>、ヘリコプターには<b>整備用ヘリパッド</b>を建設してください。修理方法は原作と同じです。レンチを装備し、操作項目が表示されるまで損傷箇所へ近づきます。修理時には、その地点に保管された物資を消費します。,
JWK-FM-Bases-Repairstations-Title,Repair stations,整備施設,
JWK-FM-Bases-Storages-24fb4751-Therearedifferen,"There are different tiers of storages with different capacities. Available types depend on operating base type, and there's a limit on how many storages of each type can be built.",貯蔵庫には容量別の段階があり、作戦基地の種類によって建設できるものが異なります。種類ごとに建設数の上限があります。,
JWK-FM-Bases-Storages-414463b7-Astheresourcesfo,"As the resources for construction are pulled from the base pool, the first supply storage in a base can be constructed without spending any resources.",建設用の物資は基地全体で共有されるため、最初の物資貯蔵庫は物資を消費せずに建設できます。,
JWK-FM-Bases-Storages-Title,Storages,貯蔵庫,
JWK-FM-Bases-Storages-c14ca45a-Resourcesinstora,Resources in storage are persistent and do not expire or decay.,貯蔵庫内の物資は保存され、期限切れや自然減少はありません。,
JWK-FM-Bases-Storages-f3df6a65-Storagesarealway,"Storages are always the first construction to be raised in an operating base. They store resources of different types and make them available to use within a base. Different to base game supply system, resources in <b>Freedom Fighters</b> are not vicinity based and cannot be used directly from trucks and other sources.",作戦基地で最初に建設する施設は貯蔵庫です。各種物資を保管し、基地内の施設から利用できるようにします。原作の物資システムと異なり、<b>Freedom Fighters</b>では周囲にある物資を直接利用できません。トラックなどから貯蔵庫へ移す必要があります。,
JWK-FM-Bases-Title,Bases,施設,
JWK-FM-FreedomFighters-Title,Freedom Fighters,Freedom Fighters,
JWK-FM-Gameplay-Appearance-1c33c293-Settings,Settings,設定,
JWK-FM-Gameplay-Appearance-2b94e07e-Notethatbloodisn,"Note that blood is not visually shown on your character preview in the inventory screen. Instead, you will see a tooltip located next to the money balance.",インベントリ画面のキャラクタープレビューには、衣服の血痕が表示されません。代わりに、所持金表示の横にヒントが表示されます。,
JWK-FM-Gameplay-Appearance-3bfb232d-Youcancleanyourc,"You can clean your clothes by swimming. You need to fully submerge yourself in any kind of body of water - be it an ocean, lake, or river.",海、湖、川などで全身を水中に沈めると、衣服の血を洗い落とせます。,
JWK-FM-Gameplay-Appearance-6e33d8d5-Dependingonyourd,"Depending on your difficulty settings, you may see a status icon denoting whether your character is perceived as a combatant.",難易度設定によっては、戦闘員と認識されているかどうかを示すステータスアイコンが表示されます。,
JWK-FM-Gameplay-Appearance-Title,Appearance,外観,
JWK-FM-Gameplay-Appearance-c4a1e618-Appearancereflec,Appearance reflects how your character is perceived by others and depends on all worn attire and held items. Wearing any piece of military clothing will cause your character to be identified as a <b>combatant</b>. This means enemies will shoot on sight and mark you as wanted - the same applies to openly carrying any type of weapon.,外見による扱いは、着ている服や手に持っているアイテムで決まります。軍服を一つでも身につけると<b>戦闘員</b>とみなされ、敵から発見次第攻撃され、指名手配されます。武器を人目に触れる状態で携行した場合も同様です。,
JWK-FM-Gameplay-Appearance-c887477e-Wearingbloodieda,"Wearing bloodied apparel will also make you a combatant, even if it's civilian clothing. If you get wounded and start to bleed, your clothing will become soaked and leave you suspicious.",私服でも、血で汚れていると戦闘員とみなされます。負傷して出血すると衣服に血が付き、不審人物として警戒されます。,
JWK-FM-Gameplay-Appearance-cab3f8e0-Bydefaulttheabse,"By default, the absence of a shirt, pants, or boots will cause your character to attract enemy attention. After all, someone running around in only their underwear is bound to look suspicious.",デフォルトでは、シャツ、ズボン、靴のいずれかを身につけていないと敵に警戒されます。下着姿で走り回れば、当然不審に見えるでしょう。,
JWK-FM-Gameplay-Appearance-d187b38b-Bloodinesseffect,Bloodiness effect on appearance and its intensity can be also turned off in settings.,血痕が外見に与える影響と、その強さは設定で無効にできます。,
JWK-FM-Gameplay-Appearance-e6b80bac-Vehicles,Vehicles,乗り物,
JWK-FM-Gameplay-Appearance-e81b9878-Bloodiness,Bloodiness,血痕,
JWK-FM-Gameplay-Appearance-fcde8ad1-Drivingmilitaryv,"Driving military vehicles as a civilian will make you combatant, even if the vehicles are not armed.",民間人として軍用車両を運転すると、車両が武装していなくても戦闘員になります。,
JWK-FM-Gameplay-Battles-10a56cd3-Phases,Phases,フェーズ,
JWK-FM-Gameplay-Battles-275e21f1-Bydefaultthebatt,"By default, the battles difficulty will scale dynamically according to the number of players online and the progress into the campaign. If you find battles too easy or too demanding, you can override the scaling factors in difficulty settings.",デフォルトでは、オンラインのプレイヤー数とキャンペーン進行度に応じて戦闘難易度が変化します。簡単すぎる、または難しすぎる場合は、難易度設定で補正値を変更できます。,
JWK-FM-Gameplay-Battles-3ed7f03b-Battlesoccurwhen,"Battles occur when control over a certain point of interest is contested. When a battle is won, the contesting faction takes control. Refer to the specific location description to learn how to provoke a battle. Only one battle can be active at any given moment and its progress cannot be saved. If the game is closed during a battle, the battle will need to be started from the beginning. Battle length and intensity depend on the number of players online, campaign progress, location significance, and threat level.",重要地点の支配を複数の勢力が争うと、戦闘が発生します。勝利した勢力がその地点を支配します。戦闘の開始条件は、各地点の説明を参照してください。同時に発生する戦闘は一つだけで、途中経過は保存されません。戦闘中にゲームを終了した場合、次回は最初からやり直しになります。戦闘の長さと激しさは、オンラインのプレイヤー数、キャンペーン進行度、地点の重要度、脅威度によって変わります。,
JWK-FM-Gameplay-Battles-7588c7d1-Eachbattleconsis,Each battle consists of two phases:,各戦闘は 2 つのフェーズで構成されます。,
JWK-FM-Gameplay-Battles-8610b72c-Dependingonthety,"Depending on the type of the location being contested, you can receive support from independent resistance fighters (AI). Refer to the specific location description for details on requirements.",争奪地点の種類によっては、独立して行動するレジスタンス兵が加勢します。条件は各地点の説明を参照してください。,
JWK-FM-Gameplay-Battles-8ef1665c-Friendlyforces,Friendly forces,友軍,
JWK-FM-Gameplay-Battles-96dcdbd5-DeploymentphaseT,"- <b>Deployment phase</b> - The enemy is still deploying onto the battlefield. The progress bar is yellow and represents how much of their forces are already fielded. Once the bar completes, the battle will transition into domination phase.<br/>- <b>Domination phase</b> - The sides fight for control. The progress bar is green and represents resistance control over the location. Control will increase every few moments if there are more <b>freedom fighters</b> in the <b>contested area</b> than enemies in the near vicinity.",- <b>展開フェーズ</b> - 敵が戦場へ展開している段階です。黄色の進捗バーは、展開済みの敵戦力を表します。バーが満タンになると制圧フェーズへ移行します。<br/>- <b>制圧フェーズ</b> - 両陣営が地点の支配を争います。緑の進捗バーは、レジスタンスの支配度を表します。付近の敵より<b>争奪エリア</b>内の<b>レジスタンス兵</b>が多い場合、一定間隔で支配度が上昇します。,
JWK-FM-Gameplay-Battles-Title,Battles,戦闘,
JWK-FM-Gameplay-Battles-a09683c9-Iftherearenofree,"If there are no <b>freedom fighters</b> in the contested area, the resistance will begin to rapidly lose control. In this case, the progress bar will turn red. Once the bar fills, the battle will be lost.",争奪エリア内に<b>レジスタンス兵</b>がいない場合、レジスタンスの支配度が急速に低下します。進捗バーは赤くなり、満タンになると敗北します。,
JWK-FM-Gameplay-Battles-f4366c3f-Difficulty,Difficulty,難易度,
JWK-FM-Gameplay-Battles-fd8642f4-Onceabattlebegin,"Once a battle begins, everyone will see a notification. A progress bar will appear at the top of the screen, accompanied by the location name. The battle location will also be marked on the map, denoting the <b>contested area</b> by a stripe pattern.",戦闘が始まると全員に通知され、画面上部に地点名と進捗バーが表示されます。マップ上では戦闘地点がマークされ、<b>争奪エリア</b>が縞模様で示されます。,
JWK-FM-Gameplay-Beingwanted-043c45de-Civilianshopswil,- Civilian shops will not serve you<br/>- Resistance representatives may not want to talk to you<br/>- Public transport becomes unavailable<br/>- Resting becomes unavailable<br/>- ...and more.,- 民間商店を利用できない<br/>- レジスタンスの担当者が応対しない場合がある<br/>- 公共交通機関を利用できない<br/>- 休息できない<br/>- その他,
JWK-FM-Gameplay-Beingwanted-1a7649c6-Heat,Heat,手配度,
JWK-FM-Gameplay-Beingwanted-69f36db4-Variousactivitie,"Various activities may cause your character to become <b>wanted</b>. This means your character is actively hunted by enemy forces and will be shot on sight, even if you appear as a civilian. Being wanted also has many negative side effects, such as:",さまざまな行動によって<b>指名手配</b>される場合があります。指名手配中は民間人に見える姿でも敵軍に追われ、発見されるとその場で射殺されます。さらに、次のような悪影響があります。,
JWK-FM-Gameplay-Beingwanted-Title,Being wanted,指名手配,
JWK-FM-Gameplay-Beingwanted-a2d6f8f2-Vehicleswillrece,"Vehicles will receive heat if any of their occupants are wanted or appear as combatants. Likewise, civilian occupants will become wanted if they are spotted in a wanted vehicle.",乗員が指名手配中、または戦闘員に見える場合、その車両にも手配度が付きます。同様に、民間人が指名手配車両に乗っているところを目撃されると指名手配されます。,
JWK-FM-Gameplay-Beingwanted-a42af875-Independentlyfro,"Independently from your personal heat level, vehicles can be wanted too. Vehicle heat typically lasts much longer, and sometimes may force you to ditch a wanted vehicle to avoid troubles.",キャラクターとは別に、車両にも手配度が付きます。車両の手配度は通常かなり長く続くため、追跡を避けるには指名手配車両を乗り捨てる必要があります。,
JWK-FM-Gameplay-Beingwanted-ab6a7942-Vehicleheat,Vehicle heat,車両手配度,
JWK-FM-Gameplay-Beingwanted-c33e2264-Heatlevelisameas,"<b>Heat level</b> is a measure of how much your character is wanted by the enemy. Once it drops to 0, you will no longer be wanted. Heat decreases over time as long as you stay out of sight of enemy troops. Your current heat level is represented by the fill level of the wanted status icon in the HUD. The time required to fully lose maximum heat depends on your difficulty settings.",<b>手配度</b>は、敵からどれだけ強く追跡されているかを表します。0まで下がると指名手配が解除されます。敵部隊の視界から離れていれば、時間とともに低下します。現在値はHUDの指名手配アイコンの表示量で確認できます。最大値から0になるまでの時間は難易度設定によって異なります。,
JWK-FM-Gameplay-Beingwanted-e744d667-Ifyourcharacterd,"If your character dies, the heat level and wanted state does not transfer to your new character.",キャラクターが死亡しても、手配度と指名手配状態は新しいキャラクターに引き継がれません。,
JWK-FM-Gameplay-Characterstatus-4a10a90c-Visibleifyourcha,"Visible if your character is considered a <b>combatant</b>. This is caused by carrying weapons, using military vehicles, and wearing military attire - or wearing no attire at all.",<b>戦闘員</b>とみなされている場合に表示されます。武器の携行、軍用車両の使用、軍服の着用、または服を着ていないことが原因になります。,
JWK-FM-Gameplay-Characterstatus-6191884d-Visibleifyourcha,Visible if your character is within an <b>illegal area</b>.,<b>禁止区域</b>内にいる場合に表示されます。,
JWK-FM-Gameplay-Characterstatus-8173edf0-Visiblewhenyourc,"Visible when your character is within enemy sight. Pulling out weapons, acting suspiciously, or committing crimes is not the best idea.",敵の視界内にいる場合に表示されます。この状態で武器を取り出したり、不審な行動や犯罪行為をしたりするのは危険です。,
JWK-FM-Gameplay-Characterstatus-90edef57-Visibleifyourcha,"Visible if your character is <b>wanted</b>. Its fill level represents how much <b>heat</b> your character has, which reduces over time as you remain hidden.",<b>指名手配中</b>に表示されます。アイコンの表示量が現在の<b>手配度</b>を表し、身を隠していると時間とともに低下します。,
JWK-FM-Gameplay-Characterstatus-990f1590-Visibleifyourcha,"Visible if your character is <b>undercover</b>, which means it's impersonating an enemy soldier.",敵兵になりすまして<b>潜入中</b>の場合に表示されます。,
JWK-FM-Gameplay-Characterstatus-Title,Character status,キャラクターステータス,
JWK-FM-Gameplay-Characterstatus-b6527c5a-Visibleifyourcha,"Visible if your character has been detected as a threat and is within enemy sight. If you are at a distance, concealed, or in the dark, it will take longer for the enemies to recognize you. When this happens, the icon will gradually fill up, giving you a brief chance to hide.",脅威として認識され、敵の視界内にいる場合に表示されます。距離がある、遮蔽物に隠れている、周囲が暗いといった状況では、敵に発見されるまで時間がかかります。アイコンが徐々に満ちていく間に、身を隠す猶予があります。,
JWK-FM-Gameplay-Characterstatus-cbab7f7a-Icons,Icons,アイコン,
JWK-FM-Gameplay-Characterstatus-e3b5523c-Characterstatusi,"<b>Character status</b> is indicated by various icons shown on the HUD in the upper-right corner of the screen. Depending on your <b>difficulty settings</b>, some of the indicators listed below may not be displayed in your game.",<b>キャラクターステータス</b>は、画面右上のHUDに各種アイコンで表示されます。<b>難易度設定</b>によっては、以下のインジケーターの一部が表示されません。,
JWK-FM-Gameplay-Characterstatus-e481642a-Visibleifyourveh,"Visible if your vehicle is <b>wanted</b>. Its fill level represents how much <b>heat</b> your vehicle has, which reduces over time as the vehicle stays out of sight.",車両が<b>指名手配中</b>の場合に表示されます。アイコンの表示量が車両の<b>手配度</b>を表し、敵から見えない場所に置くと時間とともに低下します。,
JWK-FM-Gameplay-Commanding-30012d8c-Youcancommandasq,"You can command a squad using the vanilla commanding system. Your subordinates are persistent and in multiplayer sessions enter and exit the game with you. If your character dies, your squad will become detached. Any player, including you, can take command over a detached fighter by approaching them and using an action. Therefore, you can regain command if you return to your former squad with a new character quickly enough. A detached squad will disappear if there is no one nearby for a certain time.",原作の指揮システムで分隊を指揮できます。部下の状態は保存され、マルチプレイではプレイヤーとともにサーバーへ出入りします。キャラクターが死亡すると分隊は指揮官不在になりますが、プレイヤーが兵士へ近づいてアクションを実行すれば指揮を引き継げます。新しいキャラクターですぐ元の分隊へ戻れば、再び指揮できます。指揮官不在の分隊は、一定時間周囲に誰もいないと消滅します。,
JWK-FM-Gameplay-Commanding-Title,Commanding,指揮,
JWK-FM-Gameplay-Construction-18190382-Building,Building,建築,
JWK-FM-Gameplay-Construction-1c0b2d1d-militarybasesFOB,- military bases<br/>- FOBs<br/>- factories,- 軍事基地<br/>- FOB<br/>- 工場,
JWK-FM-Gameplay-Construction-47403c78-Buildablelocatio,Buildable locations,建設可能な場所,
JWK-FM-Gameplay-Construction-5e56e4d4-Typicallytheallo,"Typically, the allowed construction area reflects the physical bounds of the location - i.e. determined by the fenced off area. The total number of constructions at every location is limited for performance reasons.",通常、建設可能範囲はフェンスなどで区切られた地点の境界内です。パフォーマンス上の理由から、各地点には建設数の上限があります。,
JWK-FM-Gameplay-Construction-7772c3ac-Constructionincl,"Construction includes placement of various items in the world and building structures. Both these actions are available via <b>radial menu</b>, but will only appear if your character is equipped with an <b>entrenching tool</b>. Moreover, construction is only possible at specific locations controlled by the resistance, primarily at <b>operating bases</b>.",建設には、小物の配置と構造物の建築が含まれます。どちらも<b>ラジアルメニュー</b>から実行できますが、<b>塹壕構築ツール</b>を装備している場合にのみ表示されます。また、主に<b>作戦基地</b>など、レジスタンス支配下の特定地点でのみ建設できます。,
JWK-FM-Gameplay-Construction-96e13b49-Disassembly,Disassembly,分解,
JWK-FM-Gameplay-Construction-Title,Construction,建設,
JWK-FM-Gameplay-Construction-a3625008-Placeableobjects,"Placeable objects are smaller props that are paid for in money by the placing person. If an item can be owned, it will be automatically linked to the person placing it (for example: item storages).",設置物は、設置したプレイヤーが資金を支払う小型オブジェクトです。所有可能な場合は、設置したプレイヤーが自動的に所有者になります（収納箱など）。,
JWK-FM-Gameplay-Construction-c3cb9eb4-Variouslocations,"Various locations allow to construct different types of objects. In general, construction is possible at:",建設できる物は地点によって異なります。基本的に、次の場所で建設できます。,
JWK-FM-Gameplay-Construction-c628a961-Constructionscan,"Constructions can be removed by triggering an action while holding an entrenching tool in hand. Be careful with it, as you will not be reimbursed with any costs of the construction.",塹壕構築ツールを手に持ち、アクションを実行すると建造物を解体できます。解体しても建設費は返還されません。,
JWK-FM-Gameplay-Construction-ca2af7ad-Placement,Placement,配置,
JWK-FM-Gameplay-Construction-daa6c771-Buildablestructu,"Buildable structures cost resources, which are taken from the location storage. Structures belong to the resistance in general and are not linked to the specific person constructing them.",建造物には、その地点の貯蔵庫から物資を消費します。建造物はレジスタンス全体の所有物となり、建設したプレイヤー個人には紐づきません。,
JWK-FM-Gameplay-Fasttravel-0506f8fa-Clickonyourselec,"Click on your selected fast travel destination to plan a route. If the trip can be performed, this will create a marker at the cursor location. Click on the marker to confirm and perform the travel.",目的地をクリックしてルートを設定します。移動可能な場合はカーソル位置にマーカーが表示されるため、もう一度クリックしてファストトラベルを実行します。,
JWK-FM-Gameplay-Fasttravel-184aa371-Bydefaultfasttra,By default fast travel is only possible on main roads. If you want fast travel to be more accessible - or you're playing on a terrain with a very undeveloped road network - you can enable fast travel over dirt roads in the settings.,デフォルトでは幹線道路だけを使用します。利用できる範囲を広げたい場合や、道路網の少ない地形では、設定で未舗装路の使用を有効にできます。,
JWK-FM-Gameplay-Fasttravel-1c33c293-Settings,Settings,設定,
JWK-FM-Gameplay-Fasttravel-2c5dc745-Fasttravelmaybed,Fast travel may be disabled alltogether.,設定によってはファストトラベル自体が無効になります。,
JWK-FM-Gameplay-Fasttravel-312f8c0c-Maptool,Map tool,マップツール,
JWK-FM-Gameplay-Fasttravel-59046333-Youcannotfasttra,"You cannot fast travel while undercover. If you or any passenger appears as a combatant, you can only travel over resistance controlled territory.",潜入中はファストトラベルできません。プレイヤーまたは同乗者が戦闘員に見える場合は、レジスタンス支配地域だけを通行できます。,
JWK-FM-Gameplay-Fasttravel-Title,Fast travel,ファストトラベル,
JWK-FM-Gameplay-Fasttravel-b960cb04-Fasttravelwillco,"Fast travel will consume fuel using its own rate, separate from the base game fuel consumption rate. This factor can be also adjusted in settings.",ファストトラベルでは、原作とは別の計算で燃料を消費します。消費量は設定で変更できます。,
JWK-FM-Gameplay-Fasttravel-c155acf8-Fasttravelallows,"Fast travel allows you to skip driving your car over long distances and instantly appear at the destination. To use fast travel, you have to be in the driver seat of a functioning car, have enough fuel and be located on a road. Your travel destination must be also physically accessible by road.",ファストトラベルを使うと、長距離を運転せず瞬時に目的地へ移動できます。使用するには、走行可能な車両の運転席に座り、十分な燃料を積んだ状態で道路上にいる必要があります。目的地まで道路がつながっていることも条件です。,
JWK-FM-Gameplay-Fasttravel-e71344ab-Tousefasttravelo,"To use fast travel, open your map and select the fast travel tool (car icon) from the toolbox.",マップを開き、ツールボックスから車のアイコンのファストトラベルツールを選択します。,
JWK-FM-Gameplay-Illegalzones-4c63a8ca-Therearemanyarea,"There are many areas that are forbidden to enter for civilians. Any players spotted in these areas will be instantly shot and hunted. Depending on your settings, these areas will be marked in red on your map and/or you will see a status icon on your HUD upon entering them. There is no need to frantically check your map to avoid entering them by accident - they are usually fenced and accompany military bases, outposts, factories, and other military or strategic points of interest.",各地には民間人の立ち入りが禁止された区域があり、見つかると即座に攻撃・追跡されます。設定によってはマップ上に赤色で表示され、区域内へ入るとHUDにステータスアイコンが表示されます。通常はフェンスで囲まれ、軍事基地、前哨基地、工場などの軍事・戦略施設に併設されています。,
JWK-FM-Gameplay-Illegalzones-Title,Illegal zones,禁止区域,
JWK-FM-Gameplay-Illegalzones-b557e539-Militarypersonne,Military personnel is allowed to be present within illegal zones. You can <b>disguise</b> yourself in enemy uniform to walk around freely.,軍人は禁止区域へ入れます。敵の制服で<b>変装</b>すれば、区域内を自由に移動できます。,
JWK-FM-Gameplay-Money-26395fd0-Ifyouareextremel,"If you are extremely desperate, you can try extorting defenceless civilians. This should be your last resort, as it turns them hostile against you and makes you lose their hard-earned support.",どうしても資金が必要なら、無防備な民間人を脅して金を奪うこともできます。ただし、相手は敵対化し、苦労して得た支持も失うため、最後の手段にしてください。,
JWK-FM-Gameplay-Money-7c9038e6-Therearemultiple,"There are multiple ways to make money, but collecting enemy dogtags and turning them in to the resistance is the most rewarding one. You can also sell equipment looted from the enemy.",資金を稼ぐ方法はいくつかあります。特に報酬が高いのは、敵のドッグタグを回収してレジスタンスへ提出する方法です。敵から奪った装備も売却できます。,
JWK-FM-Gameplay-Money-8f5a541d-Youcantransfermo,"You can transfer money to another freedom fighter by accessing the radial menu and selecting the <b>Transfer money</b> option. To do so, you need to be in the immediate vicinity of the recipient. After money is sent, the transferee will receive a notification mentioning the sender name and amount of money received.",ラジアルメニューから<b>送金</b>を選ぶと、別のレジスタンス兵へ資金を渡せます。相手のすぐ近くで実行してください。送金すると、相手には送金者名と金額が通知されます。,
JWK-FM-Gameplay-Money-Title,Money,資金,
JWK-FM-Gameplay-Money-a30002b3-Moneymakesthewor,"<b>Money</b> makes the world go around and it is no different in <b>Freedom Fighters</b>. You will need it to buy gear, supplies, hire subordinates and expand your bases. Amount of possessed money can be checked at any moment by opening the inventory menu.",<b>資金</b>は<b>Freedom Fighters</b>でも欠かせません。装備や物資の購入、部下の雇用、基地の拡張に使用します。所持金はインベントリメニューでいつでも確認できます。,
JWK-FM-Gameplay-Money-cafbe4c5-Earningmethods,Earning methods,稼ぎ方,
JWK-FM-Gameplay-Money-d5ae6699-Yourmoneyisvirtu,"Your money is virtual, which means there is no in-game wallet item and your balance is tied to your player profile. What happens with your balance in case of your character death depends on your difficulty settings - ranging from no penalty, through fixed fee, to a complete loss.",資金はアイテムとして所持するのではなく、プレイヤープロフィールに記録されます。死亡時の扱いは難易度設定で変わり、損失なし、固定額の支払い、全額喪失のいずれかになります。,
JWK-FM-Gameplay-Money-dc3800b7-Youcanselectthec,You can select the currency used in your run during game setup. Selected currency format has no effect on the gameplay and is purely a cosmetic/role-playing change.,ゲーム開始時に使用する通貨を選択できます。表示形式だけが変わり、ゲームプレイには影響しません。,
JWK-FM-Gameplay-Money-f76891d6-Transferring,Transferring,送金,
JWK-FM-Gameplay-Ownership-006d84b1-Toacquireownersh,"To acquire ownership over an item, it must have no prior owner. In that case, you will see a <b>Claim ownership</b> action on the item. Just use it to claim the item as your own. If you are placing objects and the object can be owned, you will automatically claim ownership over it.",所有者のいないアイテムには<b>所有権を取得</b>アクションが表示されます。実行すると自分の所有物になります。所有可能なオブジェクトを設置した場合は、自動的に所有権を取得します。,
JWK-FM-Gameplay-Ownership-018bb400-Variousitemsinth,"Various items in the world can be <b>owned by freedom fighters</b> - such as containers placed in operating bases and vehicles found in the world. The <b>owner</b> can lock the item, restricting other players' access. Both lock state and ownership is persisted. This is useful if you want to keep your personal belongings secure, or make sure no reckless driver hijacks your valuable vehicle at a resistance base.",作戦基地に置いた収納箱や、各地で見つけた車両などは<b>レジスタンス兵が所有</b>できます。<b>所有者</b>はアイテムをロックし、他のプレイヤーのアクセスを制限できます。ロック状態と所有権は保存されます。私物を守ったり、基地内の車両を他人に持ち去られないようにしたりする場合に役立ちます。,
JWK-FM-Gameplay-Ownership-31337544-Somevehiclesdoor,"Some vehicles, doors or containers cannot be opened even with a lockpick.",一部の車両、ドア、収納箱はロックピックでも開けられません。,
JWK-FM-Gameplay-Ownership-4413969f-Management,Management,管理,
JWK-FM-Gameplay-Ownership-6b5fcdfe-Manydoorscanbeop,"Many doors can be opened if you know the right people - or... have the right tools. If you're not much of a social person, you can purchase the latter from resistance members.",顔が利けば、多くの扉を開けられます。そうでなければ……道具を使いましょう。ロックピックはレジスタンスのメンバーから購入できます。,
JWK-FM-Gameplay-Ownership-773b1dfe-Sometimesyoumaya,"Sometimes you may also want to pass the ownership to another player, for example if you are building containers for your squad. In that case you can use <b>Abandon ownership</b> action to release the item. Afterwards, it can be claimed by any other player. Abandoning the item will also automatically unlock it.",分隊用の収納箱を建設した場合など、別のプレイヤーへ所有権を渡したいことがあります。その場合は<b>所有権を放棄</b>を実行してください。所有者がいなくなり、他のプレイヤーが取得できるようになります。放棄するとロックも自動的に解除されます。,
JWK-FM-Gameplay-Ownership-Title,Ownership,所有,
JWK-FM-Gameplay-Ownership-c682b645-Tobeginthelockpi,"To begin, the lockpick must be equipped in hand. Be careful, as lockpicks are illegal to carry, and using them will make you wanted or break your disguise. The lockpicking action takes a few seconds to complete, and you may not succeed on your first try. A lockpick may also break during the process, so it's best to carry a few of them.",ロックピックを手に装備するとピッキングを開始できます。ロックピックの携行は違法で、使用すると指名手配されたり変装が解けたりします。完了まで数秒かかり、一度で成功するとは限りません。途中で壊れる場合もあるため、複数持っておくと安心です。,
JWK-FM-Gameplay-Radialmenu-25a25738-Basicfeaturesava,"<b>Basic features available via the radial menu include:</b><br/>- Accessing <b>journal</b>, containing details about your current tasks<br/>- Accessing <b>campaign progress</b> menu, which lists your high-level objectives required to win the uprising<br/>- <b>Transferring money</b> to nearby <b>freedom fighters</b><br/>- Accessing placing and construction menus<br/>- Accessing <b>placing</b> and <b>construction</b> menus",<b>ラジアルメニューから利用できる基本機能は次のとおりです:</b><br/>- 現在のタスクに関する詳細が含まれる <b>ジャーナル</b> へのアクセス<br/>- 蜂起に勝つために必要な高レベルの目標をリストした <b>キャンペーン進行</b> メニューへのアクセス<br/>- 近くの<b>レジスタンス兵</b>への<b>送金</b><br/>- 配置および建設メニューへのアクセス<br/>- <b>配置</b> メニューと <b>構築</b> メニューへのアクセス,
JWK-FM-Gameplay-Radialmenu-Title,Radial menu,ラジアルメニュー,
JWK-FM-Gameplay-Radialmenu-e30ccca2-Opentheradialmen,"Open the radial menu by pressing <b>J</b> to access various features specific to *Freedom Fighters*. This menu is context-aware, which means the options available within the menu may depend on your character state, objects in your vicinity, equipped tools and other. When additional options are available, you will usually see an on-screen prompt in the lower part of your screen.",<b>J</b>を押してラジアルメニューを開くと、*Freedom Fighters*固有の機能を利用できます。表示される項目は、キャラクターの状態、周囲のオブジェクト、装備中の道具などで変化します。追加の項目を利用できる場合は、通常、画面下部に操作案内が表示されます。,
JWK-FM-Gameplay-Radio-13458bcc-Youcanuseanyhand,"You can use any handheld radio to communicate with the resistance. To do so, you must equip the radio in hand and interact with it using the <b>radial menu</b>. You will see a call to action when the interaction is available. Remember to turn the radio on and tune it to required frequency. You also need to be within range of a controlled radio site.",レジスタンスとの通信には携帯無線機を使用します。無線機を手に装備し、<b>ラジアルメニュー</b>から操作してください。利用可能になると画面に操作案内が表示されます。電源を入れ、指定された周波数に合わせる必要があります。また、レジスタンスが管理する無線塔の通信範囲内でなければなりません。,
JWK-FM-Gameplay-Radio-Title,Radio,無線,
JWK-FM-Gameplay-Respawn-0b386139-Towns,Towns,町,
JWK-FM-Gameplay-Respawn-0f591aee-Afterjoiningthef,"After joining the fight for the first time, or after an unfortunate death, the player will be faced with the <b>deployment map tool</b>. In this view, they can select the respawn location they wish to use. If there is no location available, the player has to wait until remaining players reenable respawn availability. If there are no remaining players alive, the campaign will fail.",初めて戦闘へ参加するときや死亡後は、<b>配備ツール</b>が表示され、リスポーン地点を選択できます。利用できる地点がない場合は、ほかのプレイヤーがリスポーン地点を再び利用可能にするまで待つ必要があります。生存中のプレイヤーが一人もいなくなると、キャンペーンは敗北となります。,
JWK-FM-Gameplay-Respawn-1ae64749-Tospawninatownth,"To spawn in a town, there must be at least one <b>supporter</b> in the local population. By spawning, the player takes control of a civilian character that is taken away from the supporters amount. Town population is not affected by this.",町でリスポーンするには、住民に<b>支持者</b>が少なくとも一人必要です。リスポーン時には支持者一人を消費し、その民間人を操作します。町の総人口は減りません。,
JWK-FM-Gameplay-Respawn-4b5620b6-Spawningatoperat,"Spawning at <b>operating bases</b> consumes a certain amount of resources, depending on the <b>operating base</b> type. Respawn cost, along with available resources at the base, is always shown in the <b>deployment map tool</b>.",<b>作戦基地</b>でのリスポーンには、<b>作戦基地</b>の種類に応じた量の物資を消費します。必要な物資と基地の在庫は、<b>配備ツール</b>に表示されます。,
JWK-FM-Gameplay-Respawn-8ddf3d73-Operatingbases,Operating bases,作戦基地,
JWK-FM-Gameplay-Respawn-906dc6ea-Spawnedcharacter,Spawned character will have a mix of resistance clothes and no equipment at all.,レジスタンスの服装からランダムに選ばれ、装備なしでスポーンします。,
JWK-FM-Gameplay-Respawn-9d2e62ef-Spawnedcharacter,"Spawned character will have civilian clothes, a basic handgun, a map and some bag.",私服姿で、基本的な拳銃、マップ、バッグを持ってスポーンします。,
JWK-FM-Gameplay-Respawn-Title,Respawn,リスポーン,
JWK-FM-Gameplay-Resting-08bd2eb2-Healing,Healing,回復,
JWK-FM-Gameplay-Resting-0a142ed0-Youcanusemostbed,"You can use most beds found in the world to <b>rest</b>. Resting advances time, which is useful if you want to skip night-time or, to the contrary, you want to carry out an assault in the dark.",各地にある大半のベッドで<b>休息</b>できます。休息すると時間が進むため、夜を飛ばしたり、逆に夜襲の時間まで待ったりできます。,
JWK-FM-Gameplay-Resting-1d960dec-AdditionallyChar,"Additionally:<br/>- Character cannot be <b>wanted</b><br/>- If character is in <b>combat attire</b>, there cannot be enemies nearby<br/>- Bed cannot be in <b>illegal area</b>",その他の条件：<br/>- キャラクターが<b>指名手配中</b>でない<br/>- <b>戦闘服</b>を着ている場合、近くに敵がいない<br/>- ベッドが<b>禁止区域</b>内にない,
JWK-FM-Gameplay-Resting-28bffe0d-Torestyouhavetoi,"To rest, you have to interact with a bed and select resting duration in the menu. In multiplayer, all players spawned in-world need to get near beds and confirm their readiness to rest. It is not possible to change planned rest duration while players are waiting. To do so, all players must cancel their readiness (or exit resting menu), which will clear currently planned rest.",ベッドを操作し、メニューから休息時間を選択します。マルチプレイでは、ワールド内にいる全プレイヤーがベッドの近くへ移動し、準備完了にする必要があります。待機中は予定時間を変更できません。全員が準備完了を取り消すか休息メニューを閉じると、予定を解除できます。,
JWK-FM-Gameplay-Resting-540d93e8-Dependingonyourd,"Depending on your difficulty settings, resting may heal player characters. Damage is healed in full, independently of the rest duration.",難易度設定によっては、休息するとプレイヤーの負傷が完全に回復します。休息時間の長さは影響しません。,
JWK-FM-Gameplay-Resting-55b14b8e-Onceallrequiredp,"Once all required players are ready, a timelapse will occur, fast-forwarding by the selected duration.",必要なプレイヤー全員が準備完了になると、選択した時間まで早送りします。,
JWK-FM-Gameplay-Resting-688f7a52-Requirements,Requirements,要件,
JWK-FM-Gameplay-Resting-83c2e8a8-Eachplayerneedst,Each player needs to have a <b>wristwatch</b> in order to wake up at the planned time.,予定した時刻に起きるには、各プレイヤーが<b>腕時計</b>を所持している必要があります。,
JWK-FM-Gameplay-Resting-Title,Resting,休息,
JWK-FM-Gameplay-Title,Gameplay,ゲームプレイ,
JWK-FM-Gameplay-Undercover-1c1d09e1-Placingexplosive,Placing explosives or throwing away military gear on the ground will blow your cover.,爆発物を設置したり、軍用装備を地面へ捨てたりすると変装が解けます。,
JWK-FM-Gameplay-Undercover-296dcf24-Usingvehicleswit,Using vehicles without an explicit permission is not allowed. Interacting with parked enemy vehicles will instantly give you away.,許可なく車両を使用することはできません。駐車中の敵車両を操作すると、即座に正体がばれます。,
JWK-FM-Gameplay-Undercover-560c21f4-Breakingthecover,Breaking the cover,変装が解ける行動,
JWK-FM-Gameplay-Undercover-5a2bd755-Havingbloodiedun,Having bloodied uniform will make you suspicious and won't allow to enter disguised state.,血で汚れた軍服では怪しまれ、潜入状態になれません。,
JWK-FM-Gameplay-Undercover-87d9fe0f-Manyactivitieswi,Many activities will make you suspicious and break your cover.,不審な行動を取ると怪しまれ、変装が解けます。,
JWK-FM-Gameplay-Undercover-89a57bb0-Dependingonyourd,"Depending on your difficulty settings, you will see a <b>status icon</b> when your character is undercover.",難易度設定によっては、潜入中に<b>ステータスアイコン</b>が表示されます。,
JWK-FM-Gameplay-Undercover-9f9768ef-Likewisearandoms,"Likewise, a random soldier is not just allowed to take supplies as they please. Interacting with supply storages will make you wanted.",兵士だからといって、物資を自由に持ち出せるわけではありません。物資貯蔵庫を操作すると指名手配されます。,
JWK-FM-Gameplay-Undercover-Title,Undercover,潜入,
JWK-FM-Gameplay-Undercover-ad707e76-Bywearingcomplet,"By wearing complete enemy uniform your character can go <b>undercover</b>. In this state, you can enter <b>illegal areas</b>, openly carry weapons (if the weapon belongs to the enemy faction), and drive enemy vehicles without attracting attention. The cover can be blown if you act suspiciously or open fire.",敵軍の制服一式を身につけると<b>潜入</b>状態になります。<b>禁止区域</b>への立ち入り、敵勢力の武器の携行、敵車両の運転を怪しまれずに行えます。ただし、不審な行動や発砲によって変装が解けます。,
JWK-FM-Gameplay-Undercover-ea4418c5-Keepinmindthatbe,Keep in mind that being in disguise will trick other resistance members as well. You will be shot at by friendlies if you are seen in disguise.,変装は味方のレジスタンス兵も欺きます。変装中の姿を見られると友軍から攻撃されます。,
JWK-FM-General-Difficultysettings-1c48f8f3-Presets,Presets,プリセット,
JWK-FM-General-Difficultysettings-2243e7c5-Ifyouareanadmini,"If you are an administrator, you can access the difficulty settings interface during playthrough by accessing the FF admin menu (through the base game's pause menu).",管理者は、原作のポーズメニューからFreedom Fightersの管理者メニューを開くと、プレイ中に難易度設定を変更できます。,
JWK-FM-General-Difficultysettings-47058037-Someoptionscanno,"Some options cannot be changed after the game has been started, so attempting to select a preset at runtime will always result in the preset switching to <b>Custom</b>. That's because FF will apply all possible settings from your preset of choice, while leaving unchangeable ones at their original values, resulting in a custom set.",ゲーム開始後に変更できない項目があるため、プレイ中にプリセットを選ぶと表示は必ず<b>カスタム</b>になります。変更可能な項目だけが選択したプリセットの値になり、それ以外は元の値を維持するためです。,
JWK-FM-General-Difficultysettings-4bf25a49-Whenstartinganew,"When starting a new game, you can modify various settings to adjust the difficulty and mechanics to your play style. Although these are collectively called difficulty settings, some of the choices are rather a matter of preference. Almost all of the settings can be changed at any point later during the playthrough.",ニューゲームでは、難易度や各種ルールをプレイスタイルに合わせて調整できます。総称して難易度設定と呼びますが、難しさではなく好みに関わる項目もあります。ほぼすべての設定はプレイ中でも変更できます。,
JWK-FM-General-Difficultysettings-9d638641-Bydefaultregular,"By default, regular players can access the difficulty settings interface in a read-only mode to inspect the settings selected, also via the pause menu. This can be turned off in the miscellaneous section of the settings.",一般プレイヤーも、ポーズメニューから難易度設定を閲覧専用で確認できます。この機能は設定の「その他」で無効にできます。,
JWK-FM-General-Difficultysettings-Title,Difficulty settings,難易度設定,
JWK-FM-General-Difficultysettings-d1b0e7f9-Youcanquicklycha,"You can quickly change all settings by selecting one of the predefined presets. Selecting a preset does not prevent you from adjusting the settings further - if you change any of the options, the preset selector will automatically switch to <b>Custom</b>, retaining all other settings from the preset. This way you can use any of the presets as a starting point.",プリセットを選択すると、すべての設定をまとめて変更できます。選択後も個別に調整でき、いずれかの項目を変えるとプリセット表示は自動的に<b>カスタム</b>へ切り替わります。ほかの設定値は維持されるため、任意のプリセットを調整の出発点にできます。,
JWK-FM-General-Difficultysettings-eae24d1e-Ifthisisyourfirs,"If this is your first playthrough, we recommend using <b>Normal</b> preset to experience a balanced gameplay the way it was envisioned.",初めてプレイする場合は、想定されたバランスで遊べる<b>ノーマル</b>プリセットをおすすめします。,
JWK-FM-General-Gamemaster-08b1c362-Youcanediteachpl,You can edit each player's money balance and heat level by accessing their character attributes via the GM interface.,ゲームマスター画面からキャラクター属性を開くと、各プレイヤーの所持金と手配度を編集できます。,
JWK-FM-General-Gamemaster-5e41abf4-Spawningunitsorv,"Spawning units or vehicles from factions that are not used by FF (i.e., not assigned to any role in the current campaign) is not supported and may lead to unexpected bugs. Due to certain limitations in the base game, the ability to edit factions and/or issue them custom tasks via the GM is disabled when playing FF.",Freedom Fightersで使用していない勢力、つまり現在のキャンペーンで役割を持たない勢力のユニットや車両を出現させると、予期しない不具合が起こる場合があります。原作側の制約により、Freedom Fightersのプレイ中は勢力の編集と、ゲームマスターから勢力への独自タスク発行が無効になります。,
JWK-FM-General-Gamemaster-Title,Game master,ゲームマスター,
JWK-FM-General-Gamemaster-a134dceb-UsingtheGMistypi,Using the GM is typically useful for removing stuck AI characters or clearing road jams. It is safe to remove units spawned by FF.,ゲームマスターは、動けなくなったAIの削除や交通渋滞の解消などに利用できます。Freedom Fightersが生成したユニットは安全に削除できます。,
JWK-FM-General-Gamemaster-e1ae8d1f-FreedomFightersi,"Freedom Fighters is not specifically designed to be played like a Game Master session, but using the GM is generally safe. Any units or vehicles spawned in the world should not interfere with or break FF, although they may be ignored by some FF functionalities.",Freedom Fightersはゲームマスターセッションとしてのプレイを前提にはしていませんが、通常はGMを使用しても問題ありません。ワールドにスポーンさせたユニットや車両がFreedom Fightersに干渉したり、機能を壊したりすることはありません。ただし、Freedom Fightersの一部機能では無視される場合があります。,
JWK-FM-General-NewGame-12f43a92-Factions,Factions,勢力,
JWK-FM-General-NewGame-1ea712a9-Duetomanyadditio,"Due to many additional features, <b>Freedom Fighters</b> is not automatically compatible with modded factions. In the base version, you can play as <b>FIA</b>, and choose between <b>USA</b> and <b>USSR</b> in the roles of allied and enemy factions. Multiple community-made factions are available with addition of extra compatibility mods, so make sure to search through the Arma Reforger Workshop or the relevant Discord community area to download them.",追加機能が多いため、<b>Freedom Fighters</b>はMOD勢力へ自動では対応しません。基本構成では<b>FIA</b>としてプレイし、友軍と敵軍に<b>アメリカ軍</b>または<b>ソ連軍</b>を選択できます。コミュニティ製勢力を使用するには、対応MODをArma Reforger Workshopや関連Discordコミュニティで探してください。,
JWK-FM-General-NewGame-432ca4f4-Othersettings,Other settings,その他の設定,
JWK-FM-General-NewGame-6fadf98b-playerfactionthe,"- <b>player faction</b>: the resistance faction. Irregular forces that will use a mix of their own and allied faction equipment.<br/>- <b>enemy faction</b>: the occupier faction. Regular and organized army, controlling all significant points on the map, with no shortage of assets.<br/>- <b>allied faction</b>: external power that supplies the resistance with political and military aid. Not directly present in the world, but the resistance may have access to some of its weapons and vehicles.<br/>- <b>civilian faction</b>: the local population, present in towns and non-military facilities. Depending on world events, specific characters may become supporters of the resistance or occupier forces and become involved.",- <b>プレイヤー勢力</b>：レジスタンスとして操作する非正規部隊。自勢力と友軍勢力の装備を組み合わせて使用します。<br/>- <b>敵勢力</b>：全重要地点を支配する占領軍。豊富な装備を持つ正規軍です。<br/>- <b>友軍勢力</b>：レジスタンスへ政治・軍事支援を行う国外勢力。直接は登場しませんが、一部の武器や車両を利用できます。<br/>- <b>民間勢力</b>：町や非軍事施設に暮らす住民。状況に応じてレジスタンスまたは占領軍を支持します。,
JWK-FM-General-NewGame-72f97d2c-Setupconfigurati,"<b>Setup configuration cannot be changed</b> after the game has started. If you want to change the factions, you need to start a fresh playthrough. However, almost all difficulty settings can be changed, even when the game is running.",ゲーム開始後は<b>初期設定を変更できません</b>。勢力を変えるには新しいキャンペーンを始める必要があります。ただし、ほぼすべての難易度設定はプレイ中でも変更できます。,
JWK-FM-General-NewGame-8b5610f6-Ifthereisnoadmin,"If there is no administrator present, a short timer will start, after which the game will start automatically with default settings. This prevents unattended servers from being stuck in the pre game screen. That behavior can be disabled in the server configuration file. The timer is stopped if an administrator logs in, so you can take your time to adjust the settings or wait for everyone to join.",管理者がいない場合は短いカウントダウンの後、デフォルト設定で自動的に開始します。これにより、無人サーバーが開始前画面で止まり続けることを防ぎます。この動作はサーバー設定ファイルで無効にできます。管理者がログインするとカウントダウンは停止するため、設定の調整や参加者の待機に時間を使えます。,
JWK-FM-General-NewGame-Title,New Game,New Game,
JWK-FM-General-NewGame-adb038dd-Youcanalsochange,"You can also change the displayed format of the ingame currency to your liking. This is a purely cosmetic feature and has no impact on the actual gameplay mechanics. By default, Arland and Everon scenarios use <b>tollars</b> (Ŧ), which is the canon currency on Everon, while Kolguyev scenario defaults to roubles.",ゲーム内通貨の表示形式も変更できます。見た目だけの設定で、ゲームプレイには影響しません。デフォルトでは、アーランドとエヴェロンで現地通貨の<b>トラー</b>（Ŧ）、コルグエフでルーブルを使用します。,
JWK-FM-General-NewGame-caa7c4ea-Whetheryoulaunch,"Whether you launch via single player scenario, host a local server or set up a dedicated server, new <b>Freedom Fighters</b> game is started using an ingame UI. All three playing methods are supported. Moreover, you can freely switch between single player and a locally hosted server - your campaign progres will carry over seamlessly.",シングルプレイ、ローカルサーバー、専用サーバーのいずれでも、<b>Freedom Fighters</b>のニューゲームはゲーム内画面から開始します。シングルプレイとローカルサーバーは、キャンペーン進行を維持したまま切り替えられます。,
JWK-FM-General-NewGame-d064b2d0-Pregame,Pre game,ゲーム開始前,
JWK-FM-General-NewGame-f2ad1b21-Ifthereisnosaved,"If there is no saved data present, all joining players will see a <b>pre game</b> screen. At this point, an administrator is able to adjust the setup and difficulty settings. If you are connecting to a dedicated server, you need to log in with a chat command first. If you are running single player or hosting locally, you are automatically granted the administrator privileges.",セーブデータがない場合、参加者全員に<b>ゲーム開始前</b>画面が表示され、管理者が初期設定と難易度を調整できます。専用サーバーでは、まずチャットコマンドで管理者としてログインしてください。シングルプレイまたはローカルホストでは、自動的に管理者権限が与えられます。,
JWK-FM-General-Savingandpersistence-118b3297-Character,Character,キャラクター,
JWK-FM-General-Savingandpersistence-83e5f857-Vehiclesfoundint,"Vehicles found in the world are not persistent by default - regardless whether you capture them on the go, or hijack from a parking spot. To preserve a vehicle during save/load, you have to assign it to a parking spot in a garage or a helipad at a controlled operating base.",各地で見つけた車両は、敵から奪った物でも駐車中の物でも、通常は保存されません。セーブ後も残すには、ガレージの駐車スペースか、支配下の作戦基地にあるヘリパッドへ登録する必要があります。,
JWK-FM-General-Savingandpersistence-8f375cd3-FreedomFightersi,"<b>Freedom Fighters</b> is a semi-persistent scenario, which means that overall game progress is saved, but not the exact state of the world. Global save is performed periodically every 10 minutes to protect players from losing progress due to a fatal crash, and on every server exit (or closing the game in single player). In multiplayer, the player profile is saved on player disconnect.",<b>Freedom Fighters</b>は半永続型のシナリオです。キャンペーン全体の進行は保存されますが、ワールド内の状態がすべてそのまま保存されるわけではありません。全体セーブは10分ごと、およびサーバー終了時かシングルプレイ終了時に行われます。マルチプレイでは、各プレイヤーのプロフィールが切断時に保存されます。,
JWK-FM-General-Savingandpersistence-Title,Saving and persistence,セーブと状態の保持,
JWK-FM-General-Savingandpersistence-a038584a-Ifyourcharacterd,"If your character dies, their body will be persisted after you disconnect or exit, enabling you to return to it. But if you lose your next character, the previous body will be removed - only the last body is preserved.",キャラクターが死亡した場合、切断やゲーム終了後も遺体は残り、回収に戻れます。ただし次のキャラクターも死亡すると以前の遺体は削除され、直近の1体だけが残ります。,
JWK-FM-General-Savingandpersistence-a1d9ffc4-Thismeansthateve,"This means that every fight counts and you can effectively clear garrisons by war of attrition, small chunks at a time.",一度の攻撃で制圧できなくても、排除した守備兵は補充されません。攻撃を重ね、消耗戦で駐屯部隊を掃討できます。,
JWK-FM-General-Savingandpersistence-a4293751-Claimingownershi,Claiming ownership of a vehicle does not affect its persistence.,車両の所有権を主張しても、その存続には影響しません。,
JWK-FM-General-Savingandpersistence-aed4709b-YourAIsubordinat,Your AI subordinates are saved with your character. In multiplayer they will join and leave the server with you.,AI部下の状態はキャラクターとともに保存されます。マルチプレイでは、プレイヤーとともにサーバーへ出入りします。,
JWK-FM-General-Savingandpersistence-b7bf73a2-Enemies,Enemies,敵,
JWK-FM-General-Savingandpersistence-c8db22d9-Vehiclesthatarep,Vehicles that are parked in camps and operating bases are persisted even if they are not assigned to a parking spot.,キャンプや作戦基地に駐車されている車両は、駐車スポットに割り当てられていない場合でも保持されます。,
JWK-FM-General-Savingandpersistence-ce9c1cd5-Ifyouabandonaveh,"If you abandon a vehicle in the world and get sufficiently far away, it may be gone once you get back! Assigning the vehicle to a parking spot also prevents this. Additionally, you will be able to recover the vehicle from far away.",車両を放置したまま遠くへ離れると、戻るまでに消失する場合があります。駐車スペースへ登録すると消失を防ぎ、離れた場所から回収できるようになります。,
JWK-FM-General-Savingandpersistence-d103dd3c-Yourcharacterpos,"Your character position and inventory is fully saved. On return you will spawn at the same location you have exited, so make sure to exit the game while in a safe location!",キャラクターの位置とインベントリは完全に保存されます。再開時はゲームを終了した場所にスポーンするため、必ず安全な場所でゲームを終了してください。,
JWK-FM-General-Savingandpersistence-e6b80bac-Vehicles,Vehicles,車両,
JWK-FM-General-Savingandpersistence-fe39bf22-Specificenemycha,"Specific enemy characters are not saved, so if you exit the game while surrounded by enemies, they will be gone after you load the game. Garrison compositions are however saved, which means if you attack a place of interest and eliminate a single enemy, that specific character will not automatically reappear. If you clear a location, but do not capture it, it will remain empty after the load - of course, unless enemy reinforcements arrive!",個々の敵兵は保存されませんが、駐屯部隊の損耗状況は保存されます。重要地点を攻撃して敵を一人排除した場合、その兵士がロード後に自動補充されることはありません。守備隊を掃討して占領せずに終了した場合も、その地点はロード後も無人のままです。ただし、新たな増援が到着する場合はあります。,
JWK-FM-General-Strategyguide-348b92c1-Gettingsuppliesb,"Getting supplies becomes much easier once you've captured your first factory. It will passively produce new supplies each day, which you can transport to your FOBs, hideouts, or donate to towns. Factories continue production even when you skip time by resting in beds, so you can use this mechanism at moments of downtime. You should now focus on capturing additional factories to maximize your <b>production throughput</b>.",最初の工場を制圧すると、物資の調達が大幅に楽になります。工場は毎日物資を生産し、FOBや隠れ家へ運んだり、町へ寄付したりできます。ベッドで休息して時間を進めても生産は続きます。さらに工場を制圧し、<b>生産量</b>を増やしましょう。,
JWK-FM-General-Strategyguide-3a3c2e16-Yournextpriority,"Your next priority should be to <b>establish a network of hideouts</b> across all towns. To do this, you need to increase support in each of them. Don't focus on a single location - instead, spread your efforts: hang posters in town A, donate supplies in town B, move on to town C, and eventually return to A. This rotation helps avoid diminishing returns and keeps the threat level moderately low.",次は、すべての町に<b>隠れ家のネットワークを築く</b>ことを目指します。各町で住民の支持を高めてください。一つの町に集中せず、町Aでポスターを貼り、町Bへ物資を寄付し、町Cへ移動してから町Aへ戻る、といった形で巡回すると、効果の減衰を避けながら脅威度を抑えられます。,
JWK-FM-General-Strategyguide-3dc81144-Onceyoucleartheg,"Once you clear the garrison and enter the factory area, a <b>battle will begin</b>. Thanks to your hideout network, friendly fighters should arrive to help even the odds. If your character is killed, you'll be able to quickly respawn at your FOB, grab a vehicle, and return to the battle before it's lost.",駐屯部隊を掃討して工場内へ入ると<b>戦闘が始まります</b>。隠れ家のネットワークがあれば友軍戦闘員が加勢し、戦力差を埋めてくれます。死亡しても、手遅れになる前にFOBでリスポーンし、車両で戦場へ戻れます。,
JWK-FM-General-Strategyguide-454dfb36-Nowyourereadytoc,"Now you're ready to capture an <b>enemy factory</b>. Choose one near your FOB, or establish a new one. Make sure it's stocked with weapons, ammunition, and medical items - either bring them manually or provide enough supplies so they can be purchased from the armory, medical tent, or other facilities. Set up a garage and park at least two vehicles. Whether you're playing solo or with others, you can also build a living area to command a squad of recruits during the assault.",次は<b>敵の工場</b>を制圧します。FOB付近の工場を選ぶか、新たなFOBを設置してください。武器、弾薬、医療品を準備し、持ち込むか、武器庫や医療テントで購入できるだけの物資を補給します。ガレージも設置し、車両を2台以上登録してください。居住区を建設すれば、ソロでもマルチプレイでも新兵の分隊を率いて襲撃できます。,
JWK-FM-General-Strategyguide-5f38e30a-Onceyouhaveastea,"Once you have a steady surplus of supplies, you can start taking over towns and military bases using the same process - ultimately leading to the <b>liberation of all territories and victory in the campaign</b>.",安定した物資の余剰ができたら、同じ手順で町や軍事基地も制圧していきます。最終的に<b>全地域を解放し、キャンペーンに勝利</b>できます。,
JWK-FM-General-Strategyguide-5f8f9bac-Everynewhideoutw,"Every new hideout will make your life a little easier - reducing travel time to resupply, pick up posters, or report mission progress. Once your hideouts are established, stock them with supplies, including your <b>HQ</b>. Resupplied hideouts enable the resistance to dispatch fighters who can assist in capturing key points of interest.",隠れ家が増えるほど、補給、ポスターの受け取り、任務報告に必要な移動時間が短くなります。設置後は、<b>本部</b>を含む各隠れ家へ物資を運んでください。物資があれば、重要地点の戦闘に友軍戦闘員を派遣できます。,
JWK-FM-General-Strategyguide-78fb8bcf-Startbycompletin,"Start by completing the <b>introductory storyline</b>. By the end of it, you should have established your first <b>FOB</b> and learned how to earn money by collecting enemy <b>dogtags</b>, as well as how to raise support by hanging <b>propaganda posters</b>.",まず<b>導入ストーリー</b>を完了してください。終了する頃には、最初の<b>FOB</b>を設置し、敵の<b>ドッグタグ</b>を回収して資金を得る方法と、<b>プロパガンダポスター</b>を貼って住民の支持を高める方法を学べます。,
JWK-FM-General-Strategyguide-Title,Strategy guide,戦略ガイド,
JWK-FM-General-Strategyguide-b3e38570-Placingpostersan,"Placing posters and talking to people may not be enough in towns with larger populations. The most effective method is <b>donating supplies</b>, which at this point can be obtained in one of the following ways:<br/>- <b>Purchase with money at ports</b>: Earn money by turning in dogtags, completing resistance missions, or selling loot at shops.<br/>- <b>Raid an enemy factory</b>: Go in guns blazing, or infiltrate undercover and casually drive off with the cargo.<br/>- <b>Ambush enemy transports</b>: Enemy trucks may carry varying amounts of supplies.<br/>- <b>Loot enemy checkpoints</b>: Occasionally, you may find a pile of supplies nearby.",人口の多い町では、ポスターや勧誘だけで十分な支持を得られない場合があります。最も効果的なのは<b>物資の寄付</b>です。物資は次の方法で入手できます。<br/>- <b>港で購入</b>：ドッグタグの提出、レジスタンスの任務、戦利品の売却などで資金を稼ぎます。<br/>- <b>敵の工場を襲撃</b>：正面から攻撃するか、潜入して物資を持ち出します。<br/>- <b>敵の輸送隊を待ち伏せ</b>：敵のトラックが物資を積んでいる場合があります。<br/>- <b>敵のチェックポイントを略奪</b>：付近に物資が置かれている場合があります。,
JWK-FM-General-Strategyguide-c064ff76-Proceedtothefact,"Proceed to the factory and clear the <b>enemy garrison</b>. You'll likely face heavy resistance, but you can tackle it in stages. If you're playing solo, consider using a sniper rifle to harass enemies from a distance, frequently changing position to avoid detection. In other situations, a frontal assault with AI squadmates may be effective.",工場へ向かい、<b>敵の駐屯部隊</b>を掃討します。激しい抵抗が予想されますが、複数回に分けて攻撃できます。ソロでは狙撃銃で遠距離から攻撃し、発見を避けるため頻繁に位置を変える方法が有効です。状況によっては、AI分隊による正面攻撃も選択肢になります。,
JWK-FM-General-Strategyguide-f56ffbd1-Inthemeantimecon,"In the meantime, consider capturing <b>radio and radar sites</b>, which will help you consolidate your control over territory. This makes traveling safer, as enemy patrols will only appear in zones still under their control.",同時に<b>無線塔とレーダーサイト</b>も制圧・無力化し、支配地域を広げてください。敵のパトロールは敵支配地域だけに出現するため、移動の安全性が高まります。,
JWK-FM-General-Tips-0b3690c5-Makesuretohaveat,"Make sure to have at least one dose of epinephrine on you. It can be self-administered if you get downed, which is crucial for lone wolves.",エピネフリンを最低1本は携帯してください。行動不能になっても自己投与できるため、単独行動では特に重要です。,
JWK-FM-General-Tips-1b2502ae-Bloodiedclothesw,"Bloodied clothes will make you wanted on sight. If your clothes are bloodied, you will see a hint on the inventory screen. Go swimming in the ocean or a lake to clean the clothes.",血の付いた服を着ていると、見つかっただけで指名手配されます。服が血で汚れるとインベントリ画面に通知が表示されます。海や湖で泳ぐと汚れを落とせます。,
JWK-FM-General-Tips-1b495196-Donotgetintoafig,"Do not get into a fight if you don't have a way out. Situation usually escalates very quickly and you may find yourself surrounded and overwhelmed, even if you had the upper hand at the start. Have an exit strategy and don't be afraid to break contact. You can always come later and try again.",退路を確保できない状況では戦闘を避けてください。状況は急速に悪化し、当初は優勢でも包囲され、圧倒されるおそれがあります。撤退手段を用意し、必要なら戦闘を離脱してください。後で態勢を整えて再挑戦できます。,
JWK-FM-General-Tips-45321b3b-Youcanusepublicp,"You can use public payphones to report resistance activity and lure the enemy into an ambush, or provoke a battle.",公衆電話からレジスタンスの活動を通報し、出動した敵を待ち伏せしたり、戦闘を誘発したりできます。,
JWK-FM-General-Tips-59cd876f-Youcanalsosteals,"You can also steal supplies from an enemy factory without capturing it. Likewise, create distraction, drive up in an enemy cargo truck while disguised, load supplies and get away quickly!",敵の工場は制圧せずに物資だけを盗むこともできます。陽動で敵の注意をそらし、変装したまま貨物トラックに乗り込み、物資を積んで速やかに離脱する方法もあります。,
JWK-FM-General-Tips-60485557-Youcanpurchaseci,"You can purchase civilian clothes in a clothing shop. It may be useful to store a few sets at your military base, so you can disguise as a civilian after respawning.",衣料品店では民間服を購入できます。軍事基地に何着か保管しておけば、リスポーン後すぐに民間人へ変装できます。,
JWK-FM-General-Tips-6b41d07f-Youcancaptureene,"You can capture enemy APCs or helicopters in the early game. Scout the location and ask for distraction at the other side of the enemy compound. Disguise yourself in enemy uniform to enter the illegal zone freely and hijack the vehicle, while everyone's attention is elsewhere.",ゲーム序盤でも敵のAPCやヘリコプターを奪取できます。現地を偵察し、仲間に施設の反対側で陽動してもらいます。敵の制服に変装すれば、敵が陽動に気を取られている間に禁止区域へ入り、車両を奪えます。,
JWK-FM-General-Tips-80dcc867-Beforetryingtoca,"Before trying to capture an enemy base, build a FOB nearby and stock it with resources to respawn there. Place a garage and assign a vehicle that will act as a taxi. Even if your entire squad dies and the vehicle stays left on the battlefield, you will be able to recover it remotely from the FOB. In this manner you will be able to deliver reinforcements sustainably.",敵基地の制圧を試みる前に、近くへFOBを建設してリスポーン用の物資を備蓄してください。ガレージを設置し、移動用の車両も登録しておきます。分隊が全滅して車両を戦場に残しても、FOBから遠隔回収できます。これにより、継続的に増援を送り込めます。,
JWK-FM-General-Tips-8e58f6eb-Enemygarrisonswi,"Enemy garrisons will usually outnumber you or your group, but don't worry - every attack and every eliminated enemy counts, and eventually you will win the war of attrition. Apply hit & run tactics - approach a base, snipe a few enemies, send a rocket and vanish in the woods. Rinse and repeat.",敵の駐屯部隊はたいてい、こちらより数で勝ります。しかし、攻撃も排除した敵も一つずつ積み重なり、やがて消耗戦に勝てます。一撃離脱を徹底してください。基地へ近づき、数人を狙撃し、ロケット弾を撃ち込んで森へ消える。この繰り返しです。,
JWK-FM-General-Tips-Title,Tips,ヒント,
JWK-FM-General-Tips-a823a09b-Makesuretostocky,Make sure to stock your hideouts fully before attempting to capture a town or a military base. The supplies will allow friendlies to take part in the battle.,町や軍事基地を占領する前に、必ず隠れ家に十分な物資を蓄えてください。補給物資により、味方が戦闘に参加できるようになります。,
JWK-FM-General-Tips-aaabcabe-Youcanuseanyhand,You can use any handheld radio to contact the resistance officer if you are within signal range of a controlled radio site. Remember to tune your radio to correct frequency according to the timetable.,味方が制圧している無線塔の通信圏内では、携帯無線機からレジスタンス将校へ連絡できます。時刻表を確認し、無線機を正しい周波数に合わせてください。,
JWK-FM-General-Tips-b9730e1c-TheHQwillbeshutd,"The HQ will be shut down and moved to a new location if you endanger it. Any stocked supplies will be lost in the process, wasting the resistance efforts.",本部の所在を敵に知られると、本部は閉鎖され、別の場所へ移転します。備蓄していた物資は移転時に失われるため、それまでの活動が無駄になるおそれがあります。,
JWK-FM-General-Tips-cc4f81bd-Passingambulance,"Passing ambulances may contain significant amounts of medical items, including epinephrine, in their trunks. Medics may also carry epinephrine.",通りかかった救急車のトランクには、エピネフリンを含む大量の医療物資が積まれていることがあります。医療従事者がエピネフリンを携行している場合もあります。,
JWK-FM-General-Title,General,一般,
JWK-FM-General-Victoryanddefeat-0f065f33-Defeat,Defeat,Defeat,
JWK-FM-General-Victoryanddefeat-11c81ac7-Campaignprogress,Campaign progress,キャンペーン進行状況,
JWK-FM-General-Victoryanddefeat-41b5a275-Atanypointyoucan,"At any point, you can check your campaign progress using the radial menu accessed by and selecting the appropriate option. Note that <b>total progress</b> includes optional objectives, not required for <b>victory</b>, therefore it is possible to finish the campaign without reaching 100% completion.",ラジアルメニューから該当する項目を選ぶと、いつでもキャンペーンの進行状況を確認できます。<b>総合進行度</b>には<b>勝利</b>に必須ではない任意目標も含まれるため、100%に達する前にキャンペーンが終了する場合があります。,
JWK-FM-General-Victoryanddefeat-5000fbeb-Theresistancewil,"The resistance will be defeated if no <b>freedom fighter</b> is alive, and there is no <b>respawn location</b> available in the world. This can be caused by lack of resources, lack of population support, being overrun with enemies, or other reasons depending on the <b>respawn location</b> type. Look up <b>Respawn</b> in FM to learn more.",生存している<b>レジスタンス兵</b>がおらず、利用可能な<b>リスポーン地点</b>も世界に残っていない場合、レジスタンスは敗北します。<b>リスポーン地点</b>の種類によって、物資や住民の支持の不足、敵による占拠などが原因になります。詳しくはフィールドマニュアルの<b>リスポーン</b>を参照してください。,
JWK-FM-General-Victoryanddefeat-Title,Victory and defeat,勝敗,
JWK-FM-General-Victoryanddefeat-bb133a4f-FreedomFightersi,"<b>Freedom Fighters</b> is an open-world campaign, but not open-ended. There are specific conditions in which your uprising will either achieve <b>victory</b> or <b>defeat</b>. When this happens, the campaign will end and you will have to start all over.",<b>Freedom Fighters</b>はオープンワールド形式のキャンペーンですが、明確な終結条件があります。蜂起が<b>勝利</b>または<b>敗北</b>の条件を満たすとキャンペーンは終了し、再開する場合は最初からやり直す必要があります。,
JWK-FM-General-Victoryanddefeat-bee9d4fe-Inordertoreachvi,"In order to reach <b>victory</b>, the resistance has to have control over or neutralize all of the following points of interest:<br/>- towns<br/>- factories<br/>- military bases<br/>- radio towers<br/>- radar sites",<b>勝利</b>するには、レジスタンスが次の重要地点をすべて制圧または無力化する必要があります。<br/>- 町<br/>- 工場<br/>- 軍事基地<br/>- 無線塔<br/>- レーダーサイト,
JWK-FM-General-Victoryanddefeat-bf0639c6-Victory,Victory,Victory,
JWK-FM-General-Victoryanddefeat-c83fe4b4-Onlywithallofthe,Only with all of the above will the resistance have enough political and military power to upkeep its rule.,これらをすべて達成して初めて、レジスタンスは支配を維持できるだけの政治力と軍事力を得られます。,
JWK-FM-HeartsandMinds-Civiliansoverview-11c81ac7-Campaignprogress,Campaign progress,キャンペーン進行状況,
JWK-FM-HeartsandMinds-Civiliansoverview-380467e6-Income,Income,収入,
JWK-FM-HeartsandMinds-Civiliansoverview-71c0ff2d-Populationsuppor,"Population support is required indirectly to finish the campaign. Without it, you won't be able to control all required points of interest. It counts towards the progress, so you need to convince every single person to reach 100%.",キャンペーンの完遂には、住民の支持が間接的に必要です。十分な支持がなければ、必要な重要地点をすべて制圧できません。住民の支持は進行度にも加算されますが、全員を支持者にしなくても勝利できます。,
JWK-FM-HeartsandMinds-Civiliansoverview-8e1e039a-Eachsupporterwil,Each supporter will donate a small amount of money to the resistance every day. The funds are then split equally and sent to all present <b>freedom fighters</b> automatically.,支持者は毎日、レジスタンスへ少額の資金を寄付します。その資金は、その時点で参加しているすべての<b>レジスタンス兵</b>に均等に分配されます。,
JWK-FM-HeartsandMinds-Civiliansoverview-91837422-supportingfriend,"- <b>supporting</b>: friendly to the resistance members and disapproving of the occupier.<br/>- <b>neutral</b>: no stance, the initial state for most of the population. They don't really care about the revolution or the occupier forces. They can be turned into supporters, given enough reasons to.<br/>- <b>hostile</b>: actively against the revolution and supporting the occupier. They cannot be turned into supporters, but given enough time they may become neutral.",- <b>支持</b>：レジスタンスに友好的で、占領軍に反対しています。<br/>- <b>中立</b>：どちらにも肩入れしていない、多くの住民の初期状態です。十分な理由を示せば支持者にできます。<br/>- <b>敵対</b>：蜂起に積極的に反対し、占領軍を支持しています。支持者にはできませんが、時間がたてば中立に戻る場合があります。,
JWK-FM-HeartsandMinds-Civiliansoverview-Title,Civilians overview,住民の概要,
JWK-FM-HeartsandMinds-Civiliansoverview-c6da0b02-Youcaninspectgen,"You can inspect general population stats in the campaign progress menu. To check local trends, inspect selected town on the map. Population composition is represented by a progress bar, with color-coded segments proportional to the popularity of relevant stance.",キャンペーン進行状況メニューでは、住民全体の傾向を確認できます。地域ごとの傾向は、マップ上で町を選択すると確認できます。住民の内訳は、それぞれの立場の割合に応じて色分けされた進行状況バーで表示されます。,
JWK-FM-HeartsandMinds-Civiliansoverview-d292ef24-Civilianpopulati,"Civilian population is a key element in your revolution. After all, it is their freedom you are fighting for. Just incidentally they also happen to fuel your efforts with money and manpower. Each civilian may have one of the following stances regarding revolution:",住民は蜂起の成否を左右する重要な存在です。彼らの自由のために戦っているだけでなく、支持を得れば資金と人員でも協力してくれます。各住民は蜂起に対して、次のいずれかの立場を取ります。,
JWK-FM-HeartsandMinds-Civiliansoverview-e647b2d6-Populationmoodsw,"Population moods will change in reaction to your actions. While civilians are rather tolerant to acts of war and inconveniences caused by combat against the occupier, any wrongdoings towards them will turn them hostile very quickly. Keep in mind your supporters may become hostile just as well, negating your hard-earned friendliness.",住民の感情は行動に応じて変化します。戦闘や占領軍との交戦による多少の不便には寛容ですが、住民に危害を加えるとすぐに敵対します。支持者も敵対に転じる可能性があり、それまでに築いた支持を失うため注意してください。,
JWK-FM-HeartsandMinds-Donatingsupplies-1efd4334-Donatingsupplies,"Donating supplies is a rather expensive method, unless you have a surplus of your own production. Supplies are also vital to your own operations, so giving them away in the early stages of the revolution may not be the best choice.",余剰生産がない限り、物資の寄付は高くつく支持獲得手段です。物資はレジスタンスの活動にも欠かせないため、蜂起の初期段階では寄付が最善とは限りません。,
JWK-FM-HeartsandMinds-Donatingsupplies-3db1e383-Thereisnolimitas,"There is no limit as to how many supplies and how often you can donate to a specific town, but many donations over a short period of time will stop having an effect on the support. It's best to diversify and distribute the supplies evenly to many towns in a concurrent manner. Donation effects wear out after some time, so you can come back and donate another shipment later.",同じ町へ寄付できる物資の量や回数に制限はありませんが、短期間に繰り返すと支持への効果がなくなります。複数の町へ分散して寄付するのが効果的です。寄付の効果は時間とともに切れるため、その後は再び寄付できます。,
JWK-FM-HeartsandMinds-Donatingsupplies-6b7cedb3-Loadyourvehiclew,"Load your vehicle with supplies and drive to the exact location of the town marker, as shown on your map. Come to a full stop once you are within 50 meters from the marker. A prompt should appear, and the donation option will be available in the radial menu.",車両に物資を積み、マップに表示された町のマーカーまで運びます。マーカーから50メートル以内で完全に停止すると、ラジアルメニューに寄付項目が表示されます。,
JWK-FM-HeartsandMinds-Donatingsupplies-Title,Donating supplies,物資の寄付,
JWK-FM-HeartsandMinds-Donatingsupplies-e2e7e1bf-Freestuffisanexc,"Free stuff is an excellent method to gain supporters, whether you are a politician, or... a politician-to-be. If you win the revolution, of course. The downside is that you actually have to bring the stuff to the table. But here comes the good news - when it's free, nobody will ask you how you got it.",無償で物資を配るのは、支持者を増やす有効な方法です。ただし、物資は自分で現地まで運ばなければなりません。無料で配る物なら、入手経路を問う者はいないでしょう。,
JWK-FM-HeartsandMinds-Losingsupport-Title,Losing support,支持を失う,
JWK-FM-HeartsandMinds-Losingsupport-ad4e7c7f-Onceconvincedtos,"Once convinced to support the resistance, civilians will not change their mind on their own. Remember that each supporter can still turn hostile if you give them a good enough reason to. Opposite to supporters, civilians will typically turn hostile immediately in response to your actions. In that case, there is nothing you can do to change their mind except for waiting.",一度レジスタンスを支持した住民が、自発的に考えを変えることはありません。ただし、こちらの行動次第では支持者も敵対します。敵対した住民をすぐに説得する手段はなく、態度が和らぐまで待つ必要があります。,
JWK-FM-HeartsandMinds-Propagandaposters-11c81ac7-Campaignprogress,Campaign progress,キャンペーン進行状況,
JWK-FM-HeartsandMinds-Propagandaposters-376f91c6-Thereisatradeoff,"There is a trade-off however, as the amount of posters - and thus the support you can generate this way - is limited. As the posters are meant to be visible - they are also visible to enemy forces too, and will raise the local threat level.",ただし、設置できるポスターの数と、この方法で得られる支持には限りがあります。また、目立つポスターは敵軍にも発見されるため、地域の脅威度が上昇します。,
JWK-FM-HeartsandMinds-Propagandaposters-5acedc09-Acquiring,Acquiring,入手,
JWK-FM-HeartsandMinds-Propagandaposters-Title,Propaganda posters,プロパガンダポスター,
JWK-FM-HeartsandMinds-Propagandaposters-b526cffb-Distributingprop,"Distributing propaganda is a crime, and doing it within enemy sight will make you <b>wanted</b>.",プロパガンダの配布は犯罪です。敵に見られると<b>指名手配</b>されます。,
JWK-FM-HeartsandMinds-Propagandaposters-c39c200a-Posterscanbeobta,Posters can be obtained from resistance officers using the relevant dialogue option.,ポスターは、レジスタンス将校との会話で該当する選択肢を選ぶと入手できます。,
JWK-FM-HeartsandMinds-Propagandaposters-c9b2071c-Placingupposters,"Placing up posters is a very effective early method to raise awareness about your revolution and gain support. It's more time-effective than personal agitation, as you can reach many people with a single poster.",ポスターの掲示は、蜂起の認知を広げて支持を得るうえで、序盤に特に有効です。1枚で多くの住民に訴えられるため、個別に説得するより時間を節約できます。,
JWK-FM-HeartsandMinds-Propagandaposters-ca2af7ad-Placement,Placement,配置,
JWK-FM-HeartsandMinds-Propagandaposters-dec4fd10-Toplaceaposteryo,"To place a poster, you need to equip it in your left hand (just like any other item). You will see a ghost of the poster in front of you. The ghost color will change to gray if the placement is valid, and yellow if it cannot be placed.",ポスターを掲示するには、ほかの設置アイテムと同様に左手へ装備します。目の前にポスターのプレビューが表示され、設置できる場合は灰色、できない場合は黄色になります。,
JWK-FM-HeartsandMinds-Propagandaposters-e4743e7c-Posteringallspot,"Postering all spots is not required to finish the campaign, but is required to reach 100% completion.",すべての場所にポスターを掲示しなくてもキャンペーンは完遂できますが、進行度を100%にするにはすべて掲示する必要があります。,
JWK-FM-HeartsandMinds-Propagandaposters-f52c2f84-Posterscanonlybe,"Posters can only be attached to specific objects (usually boards, signs, cabinets, advertising columns and similar), which are marked on your map with a posterable icon. Once an item has been postered, the icon is removed.",ポスターは、マップ上にポスター掲示アイコンで示された特定の物体にのみ貼れます。通常は掲示板、看板、キャビネット、広告塔などです。ポスターを貼ると、その場所のアイコンは消えます。,
JWK-FM-HeartsandMinds-Raisingsupport-1b37b430-Gainingsupportis,"Gaining support is a process which takes time. Most actions will not yield immediate results, but will resonate over time instead. For example, if you place posters, it takes some time for them to be noticed. If you donate supplies, it takes some time for the word to spread around, and so on. You can inspect towns on the map to view currently active effects and their expiration time. Once an effect expires, it will stop attracting new supporters and will be removed.",支持の獲得には時間がかかります。多くの行動はすぐには結果に表れず、徐々に効果を発揮します。ポスターは住民の目に留まるまで、物資の寄付は評判が広まるまで時間が必要です。町をマップ上で選ぶと、発生中の効果と残り時間を確認できます。効果が切れると、新たな支持者の獲得も止まります。,
JWK-FM-HeartsandMinds-Raisingsupport-27943ee7-Therearemultiple,"There are multiple ways to gain support, including:",支持を得る方法は複数あります。,
JWK-FM-HeartsandMinds-Raisingsupport-64b3ddce-directagitationb,- <b>direct agitation</b> by approaching and talking to individual persons<br/>- placing up <b>propaganda posters</b> to increase visibility and awareness<br/>- <b>donating supplies</b> to townsfolk,- 住民に直接話しかける<b>直接説得</b><br/>- 認知を広げる<b>プロパガンダポスター</b>の掲示<br/>- 町への<b>物資の寄付</b>,
JWK-FM-HeartsandMinds-Raisingsupport-Title,Raising support,支持を高める,
JWK-FM-HeartsandMinds-Raisingsupport-de9fca21-Somemethodsarede,Some methods are described in detail in their dedicated Field Manual pages.,一部の方法は、専用のフィールドマニュアルで詳しく説明されています。,
JWK-FM-HeartsandMinds-Title,Hearts and Minds,住民の支持,
JWK-FM-Locations-Factories-226615d7-Control,Control,制圧,
JWK-FM-Locations-Factories-2ab0e6a0-Factoriesarecruc,"Factories are crucial for your revolution, as they can provide a steady stream of resources, which are much needed for any war efforts.",工場は戦争に欠かせない物資を安定して供給できるため、蜂起にとって極めて重要です。,
JWK-FM-Locations-Factories-7dd8066d-Producedsupplies,"Produced supplies can be also stored at additional storages constructed by the resistance. Expanding the total storage space is beneficial, as it reduces the need for frequent logistic transports.",生産された物資は、レジスタンスが建設した追加の物資貯蔵庫にも保管できます。総保管容量を増やせば、補給輸送の頻度を抑えられます。,
JWK-FM-Locations-Factories-994c5177-Iftheoriginalsto,"If the original storage is destroyed and there are no storages, the factory will never produce any resources.",最初からある物資貯蔵庫が破壊され、ほかに貯蔵庫がなければ、工場は物資を生産できません。,
JWK-FM-Locations-Factories-Title,Factories,工場,
JWK-FM-Locations-Factories-e38ad27b-Eachfactorycontr,"Each factory controlled by the resistance will produce certain resources, depending on the factory type. Those resources may then be freely utilized by freedom fighters as deemed fit. On each factory area there is at least one resource storage, in which the produced resources are placed. Those storages are always marked on the map and feature a sign.",レジスタンスが制圧した工場は、種類に応じた物資を生産します。生産された物資は自由に利用できます。各工場には少なくとも1つの物資貯蔵庫があり、生産物資はそこへ保管されます。貯蔵庫は常にマップと標識で示されます。,
JWK-FM-Locations-Factories-e70486c7-Factoriesareusua,"Factories are usually guarded by an enemy forces garrison. Once the garrison is cleared and the area is secured, a battle will follow. Be careful, as during factory working hours civilian workers will be present in the factory area. After repelling enemy forces the resistance will take control over the factory. All factories must be controlled by the resistance in order to achieve victory.",工場は通常、敵の守備隊に守られています。守備隊を排除して周辺を確保すると戦闘が始まります。営業時間中は民間人の作業員がいる場合があるため注意してください。戦闘に勝利するとレジスタンスが工場を制圧します。勝利条件を満たすには、すべての工場を制圧する必要があります。,
JWK-FM-Locations-Factories-f8ab2647-Resourceproducti,Resource production,物資生産,
JWK-FM-Locations-Militarybases-1cb6e4a4-Independentfight,"Independent fighters may appear during the battle to assist you. You need at least one resistance hideout established in the world and have it stocked with supplies. The fighters will be equipped using the supplies stored at the hideouts. The more hideouts you have, the more fighters in total will appear during the battle.",戦闘中は、独立した味方の戦闘員が援軍として現れる場合があります。少なくとも1か所の隠れ家を設け、物資を備蓄しておく必要があります。戦闘員の装備には隠れ家の物資が使われ、隠れ家が多いほど参戦できる人数も増えます。,
JWK-FM-Locations-Militarybases-226615d7-Control,Control,制圧,
JWK-FM-Locations-Militarybases-4c30ffa5-Militarybasesare,"Military bases are the backbone of enemy occupation over the area. All bases need to be controlled by the resistance to achieve victory, but be warned, they are heavily guarded and the enemy won't let control over them easily.",軍事基地は、地域における占領軍の中核です。勝利するにはすべての基地をレジスタンスが制圧する必要があります。ただし、厳重に警備されているため容易には制圧できません。,
JWK-FM-Locations-Militarybases-5ffe9590-Onceunderresista,"Once under resistance control, the military base becomes resistance's <b>operating base</b>, which means the resistance may start construction in its area. See relevant Field Manual section for more info.",軍事基地を制圧すると、レジスタンスの<b>作戦基地</b>となり、周辺で建設を行えるようになります。詳しくは関連するフィールドマニュアルを参照してください。,
JWK-FM-Locations-Militarybases-8ef1665c-Friendlyforces,Friendly forces,友軍,
JWK-FM-Locations-Militarybases-Title,Military bases,軍事基地,
JWK-FM-Locations-Militarybases-b2eaadba-Inordertotakecon,"In order to take control, the resistance has to win a <b>battle</b> over the base. A <b>battle</b> can be initiated by gaining momentary dominance in the location area. That is, you have to clear the enemy garrison and make sure there are more resistance fighters present than enemies.",基地を制圧するには、レジスタンスが基地を巡る<b>戦闘</b>に勝つ必要があります。敵の守備隊を排除し、地点内にいるレジスタンス兵を敵兵より多くすると、一時的に優勢となり<b>戦闘</b>が始まります。,
JWK-FM-Locations-Militarybases-d85af64a-Operatingbase,Operating base,作戦基地,
JWK-FM-Locations-Radarsites-226615d7-Control,Control,無力化,
JWK-FM-Locations-Radarsites-41c2f52a-Radarsitescannot,"Radar sites cannot be captured by the resistance, only neutralized. To do so, the resistance has to destroy all radar dishes present on the site. Even if the defending garrison is cleared without damage to the equipment, the resistance has no qualified crews to operate the installations.",レーダーサイトはレジスタンスでは制圧できず、無力化のみ可能です。無力化するには、敷地内のレーダーアンテナをすべて破壊します。守備隊だけを排除して設備を残しても、レジスタンスには運用できる要員がいません。,
JWK-FM-Locations-Radarsites-4f451321-Radarsitesareope,"Radar sites are operated by the enemy and need to be neutralized to achieve victory. With enemy radar sites in operation, allied forces are not able to provide required support.",勝利するには、敵が運用するレーダーサイトを無力化する必要があります。敵のレーダーサイトが稼働している間は、友軍から必要な支援を受けられません。,
JWK-FM-Locations-Radarsites-Title,Radar sites,レーダーサイト,
JWK-FM-Locations-Radiotowers-226615d7-Control,Control,制圧,
JWK-FM-Locations-Radiotowers-24ddbc87-Radiotowersareal,"Radio towers are always guarded by an enemy garrison. To take control, the resistance has to simply secure the area by clearing its garrison.",無線塔は常に敵の守備隊に守られています。守備隊を排除して周辺を確保すると制圧できます。,
JWK-FM-Locations-Radiotowers-3109431f-Radiotowersareus,"Radio towers are used to enable communication for the controlling faction and jam opposing forces. All radio towers need to be either neutralized or controlled by the resistance to achieve victory. Towers may be destroyed, in which case neither side will control it. This also counts towards campaign progress.",無線塔は、制圧した勢力の通信を可能にし、敵勢力の通信を妨害します。勝利するには、すべての無線塔をレジスタンスが制圧または無力化する必要があります。塔を破壊すると、どちらの勢力も利用できなくなり、キャンペーン進行度には無力化として加算されます。,
JWK-FM-Locations-Radiotowers-Title,Radio towers,無線塔,
JWK-FM-Locations-Title,Locations,場所,
JWK-FM-Locations-Towns-033863e7-Toensuremaximump,"To ensure maximum possible strength of the resistance, stock the town's hideout fully and gain 100% local support before starting the battle.",レジスタンスの戦力を最大限にするには、戦闘を始める前に町の隠れ家へ物資を十分に備蓄し、地域の支持を100%まで高めてください。,
JWK-FM-Locations-Towns-14b803bc-Ontheotherhandso,"On the other hand, sometimes you may want to increase threat and provoke a response from the enemy deliberately, for example to contest town control. In this case, some warning shots in the air or an ambush on a random enemy vehicle should be enough. You can also locate the nearest <b>phone booth</b> and report resistance activity in the town.",町の支配を争う場合など、意図的に脅威度を上げて敵の反応を誘うこともできます。空へ数発撃つか、通りかかった敵車両を待ち伏せすれば十分です。最寄りの<b>公衆電話</b>から、町でのレジスタンス活動を通報する方法もあります。,
JWK-FM-Locations-Towns-226615d7-Control,Control,制圧,
JWK-FM-Locations-Towns-24e39aad-Threatleveldenot,"Threat level denotes how much trouble the resistance has been recently making. The bigger the threat, the more activity from enemy forces you can expect. Killings, shootings, and even sightings of resistance fighters will rapidly increase threat. Threat will decay over time, so if you are facing too much enemy activity, it is best to change the area of operations for some time and come back later.",脅威度は、レジスタンスがその地域で最近どれほど騒ぎを起こしたかを示します。脅威度が高いほど、敵軍の活動も活発になります。殺害、発砲、レジスタンス兵の目撃によって急上昇しますが、時間とともに低下します。敵の活動が激しすぎる場合は、しばらく別の地域で行動してから戻るとよいでしょう。,
JWK-FM-Locations-Towns-2b3b59d1-Threat,Threat,脅威度,
JWK-FM-Locations-Towns-45020fd9-Townsarekeyplace,"Towns are key places for your revolution. Most importantly, they are the home of the local population, whose support is desperately needed. Towns come in three sizes: <b>villages</b>, <b>towns</b> and <b>cities</b>, based on the number of residents and their infrastructure.",町は蜂起における重要地点です。地元住民が暮らしており、その支持が欠かせません。集落は人口とインフラに応じて、<b>村</b>、<b>町</b>、<b>都市</b>の3段階に分かれます。,
JWK-FM-Locations-Towns-53a86c49-Tocontrolatownth,"To control a town, the resistance has to have a certain amount of <b>supporters</b> among the town residents. Detailed information is always shown in the town info panel. Raising support is enough to control <b>villages</b>, but in the case of bigger settlements, enemy forces will not stay indifferent. When the town's <b>threat</b> level gets sufficiently high, the occupier will attempt to pacify the town and a <b>battle</b> will begin. As a result, the winning side will take control over the town.",町を制圧するには、住民のうち一定数がレジスタンスの<b>支持者</b>である必要があります。詳しい状況は町の情報パネルで確認できます。<b>村</b>は支持を高めるだけで制圧できますが、大きな集落では占領軍も介入します。町の<b>脅威度</b>が十分に高まると、占領軍が鎮圧に乗り出して<b>戦闘</b>が始まり、勝った勢力が町を制圧します。,
JWK-FM-Locations-Towns-57565497-Independentfight,Independent fighters may appear during the battle to assist you. Their number depends on your support in the town and amount of supplies stored at the town's hideout. Every fighter will be equipped by consuming the supplies.,戦闘中は、独立した味方の戦闘員が援軍として現れる場合があります。人数は町での支持と、町の隠れ家にある物資の量で決まります。戦闘員の装備には物資が消費されます。,
JWK-FM-Locations-Towns-8ef1665c-Friendlyforces,Friendly forces,友軍,
JWK-FM-Locations-Towns-Title,Towns,町,
JWK-FM-Locations-Towns-e9f9764a-Bewarythattheres,Be wary that the resistance will <b>lose control</b> over a town if the population support falls below a certain threshold.,住民の支持が一定の基準を下回ると、レジスタンスは町の<b>支配を失う</b>ため注意してください。,
JWK-FM-Resistance-Camps-28564fd0-Ifacampisoverrun,"If a camp is overrun by enemies, it will not be available as a respawn point. A camp cannot be used for respawn unless tents are deployed. Vehicles left in the immediate area of the camp will be persisted.",キャンプが敵に制圧されると、リスポーン地点として利用できなくなります。また、テントがなければキャンプではリスポーンできません。キャンプ付近に残した車両はその場に残ります。,
JWK-FM-Resistance-Camps-7217f274-Tentsarenotequip,"Tents are not equipped in hand; instead, they must be activated from a quick slot in order to place them.",テントは手に持って使用するアイテムではありません。設置するにはクイックスロットから使用します。,
JWK-FM-Resistance-Camps-82e906f2-Tentscanbeplaced,"Tents can be placed around the campfire. <b>Each tent allows for a single respawn at the camp</b>, after which it is consumed. There is no limit to the number of tents that can be deployed in a camp. Unless a tent has been used for respawn, it can be picked up and returned to the inventory. Dismantling the camp will automatically pack all deployed tents.",テントはキャンプファイヤーの周囲に設置できます。<b>テント一張りにつき、そのキャンプで1回リスポーンでき</b>、使用後は消費されます。設置数に上限はありません。リスポーンに使われていないテントは回収してインベントリへ戻せます。キャンプを撤去すると、設置済みのテントもすべて自動的に回収されます。,
JWK-FM-Resistance-Camps-Title,Camps,キャンプ,
JWK-FM-Resistance-Camps-a7954c83-Campsdonotallowt,"Camps do not allow to construct or place any other items, but they can be placed much closer to enemy positions than FOBs. Camps do not create a control region near their location.",キャンプにはほかのアイテムを建設・設置できませんが、FOBよりも敵の近くへ設営できます。キャンプの周囲に支配地域は作られません。,
JWK-FM-Resistance-Camps-b007c7f2-Campscanbeestabl,"Camps can be established by players using a <b>camping kit</b>, which can be purchased in civilian shops or acquired from equipment stores. The camping kit is used to place a campfire, which marks the camp's location. The campfire can be picked up later, restoring the camping kit and allowing it to be reused. The camping kit must be <b>equipped in hand</b> in order to place it.",プレイヤーは<b>キャンプキット</b>でキャンプを設営できます。キャンプキットは民間の店で購入するか、装備品店で入手できます。使用するとキャンプの位置を示すキャンプファイヤーが設置されます。後でキャンプファイヤーを回収すれば、キットとして再利用できます。設置時はキャンプキットを<b>手に装備</b>してください。,
JWK-FM-Resistance-Camps-c75fe379-Tents,Tents,テント,
JWK-FM-Resistance-Camps-ced77c07-Usetherelevantma,Use the relevant map tool to show areas suitable for camp placement.,対応する配置マップツールを使うと、キャンプを設営できる範囲を確認できます。,
JWK-FM-Resistance-Controllingterritory-934f45f3-Theworldisdivide,"The world is divided into <b>regions</b>, which are based on various points of interest and represent faction control over specific territory. Any given point in the world belongs to some region. Regions are dynamic and their borders can move - for example, when a new FOB is constructed, or an enemy outpost is neutralized.",世界は重要地点を基準とする複数の<b>地域</b>に分かれ、各地域をどの勢力が支配しているかが示されます。世界のどの場所も、いずれかの地域に属します。地域の境界は固定ではなく、新しいFOBの建設や敵の前哨基地の無力化などによって変化します。,
JWK-FM-Resistance-Controllingterritory-Title,Controlling territory,地域の支配,
JWK-FM-Resistance-Controllingterritory-b69fec3a-Militarypresence,"Military presence is stronger in border regions, regardless of the threat level. Additionally, spontaneous skirmishes may escalate in these regions due to close presence of opposing forces.",脅威度にかかわらず、国境地域では軍事活動が活発になります。また、敵対勢力が近接しているため、突発的な小競り合いも激しくなる場合があります。,
JWK-FM-Resistance-Controllingterritory-f881a727-Thefactionthatco,"The faction that controls a region will deploy patrols and set up checkpoints over its area. When neighbouring regions belong to opposing factions, these regions are considered <b>border regions</b>. Their shared border becomes a <b>frontline</b>, and will be marked on the map with a stripe pattern.",地域を支配する勢力はパトロールを出し、検問所を設置します。隣接地域を敵対勢力が支配している場合、双方は<b>国境地域</b>となります。その境界は<b>前線</b>となり、マップ上に縞模様で表示されます。,
JWK-FM-Resistance-FOBs-69b3dcbf-ForwardOperating,"Forward Operating Bases can be established by the resistance via <b>construction</b>. Establishing a FOB sets up an operating base - for more information, see the relevant Field Manual section.",前線作戦基地は、レジスタンスが<b>建設</b>によって設置できます。FOBを設置すると作戦基地として利用できます。詳しくは関連するフィールドマニュアルを参照してください。,
JWK-FM-Resistance-FOBs-7880ea5f-AFOBcanbedisasse,A FOB can be disassembled by interacting with the flagpost while having an <b>entrenching tool</b> in hand. This is possible only if there are no other buildings or objects present. Disassembling a FOB will not cause any costs to be reimbursed.,FOBは、<b>塹壕構築ツール</b>を手に持って旗竿を操作すると撤去できます。ほかの建造物やオブジェクトが残っている場合は撤去できません。FOBを撤去しても費用は返還されません。,
JWK-FM-Resistance-FOBs-98903c7c-Vehiclesleftwith,Vehicles left within the FOB area will be persisted.,FOBの範囲内に残した車両は保持されます。,
JWK-FM-Resistance-FOBs-996eadc9-ConstructingaFOB,Constructing a FOB will create a control region around it.,FOBを建設すると、その周囲が支配地域になります。,
JWK-FM-Resistance-FOBs-Title,FOBs,FOB,
JWK-FM-Resistance-FOBs-b09d4ef1-FOBscanbeplacedf,"FOBs can be placed freely, but only in a safe distance from other points of interest. Use a dedicated map tool to show suitable areas.",FOBは自由に配置できますが、ほかの重要地点から一定の距離を空ける必要があります。専用の配置マップツールで設置可能な範囲を確認できます。,
JWK-FM-Resistance-Friendlyfighters-92175be3-Friendlyfighters,"Friendly fighters are resistance members or supporting civilians that decided to take part in the fight. They will appear during <b>battles</b> over various points of interest, such as towns, military bases, factories and others. They are autonomous and you cannot directly control them, but they will fight along side you with the enemy. However, their presence depends on your actions, as each fighter needs to be equipped with weapons and ammunition, and that in turn requires <b>supplies</b>.",味方戦闘員は、戦闘への参加を決めたレジスタンスの構成員や、協力的な住民です。町、軍事基地、工場などを巡る<b>戦闘</b>で現れ、自律的に敵と戦うため直接指揮はできません。各戦闘員の武器と弾薬には<b>物資</b>が必要であり、参戦できる人数はこちらの準備に左右されます。,
JWK-FM-Resistance-Friendlyfighters-Title,Friendly fighters,友軍戦闘員,
JWK-FM-Resistance-Friendlyfighters-f67275ec-Friendlyfighters,"Friendly fighters consume supplies stored at <b>hideouts</b>. If the location being fought for hosts a hideout - such as a town - then the fighters will appear and take supplies only from that specific hideout. Otherwise - when attacking factories or military bases - the supplies are consumed across all resistance hideouts, including the HQ. Supplies stored at resistance operating bases (FOBs, military bases) and controlled factories are not taken into account.",味方戦闘員は<b>隠れ家</b>の物資を消費します。戦闘地点が町など隠れ家のある場所なら、その隠れ家の物資だけが使われます。工場や軍事基地への攻撃では、本部を含むすべての隠れ家から物資が消費されます。FOBや軍事基地などの作戦基地、制圧した工場にある物資は使われません。,
JWK-FM-Resistance-Hideouts-22cb7da3-Thereisalwaysone,"There is always one HQ hideout in the world. However, if you endanger it, it will cease operations and must be relocated. This process may take several hours, during which the HQ will be inaccessible. Any supplies stored there will be lost during the move, so take care to avoid triggering a relocation.",世界には必ず1か所、本部となる隠れ家があります。ただし、敵に所在を知られると閉鎖され、移転します。移転には数時間かかる場合があり、その間は本部を利用できません。保管していた物資も失われるため、本部へ敵の注意を引かないようにしてください。,
JWK-FM-Resistance-Hideouts-6af0cfdf-Townhideouts,Town hideouts,町の隠れ家,
JWK-FM-Resistance-Hideouts-954b3c37-Hideoutsaresecur,"Hideouts are secure locations used by the resistance for meetings and covert communication. At each hideout, you can meet a <b>resistance officer</b> - your primary contact for all conspiratorial matters. Speak with them to receive new assignments. Keep in mind that they're not particularly fond of attracting attention from the authorities, so avoid visiting them when you have <b>heat</b> on you.",隠れ家は、レジスタンスが会合や秘密通信に使う安全な場所です。各隠れ家には、活動の窓口となる<b>レジスタンス将校</b>がいます。新しいミッションを受けるには将校に話しかけてください。当局の注意を引くことを嫌うため、<b>指名手配中</b>は隠れ家へ近づかないでください。,
JWK-FM-Resistance-Hideouts-99ef25d4-Theresistancewil,"The resistance will establish hideouts in towns and cities once there is enough local support to sustain its operations. Same goes the other way - if you lose too much support, resistance operations will become unsustainable and the hideout will be dissolved. Keeping a network of hideouts is very important, as each additional hideout means more storage space for supplies, which are used to arm your fighters during battles.",十分な地域支持を得ると、レジスタンスは町や都市に隠れ家を設けます。反対に支持を失いすぎると活動を維持できず、隠れ家は閉鎖されます。隠れ家が増えるほど、戦闘員の装備に使う物資の保管容量も増えるため、隠れ家網の維持は重要です。,
JWK-FM-Resistance-Hideouts-9a3275fb-HQhideoutsareest,"HQ hideouts are established in safer locations - typically in remote houses away from densely populated areas or in small, secluded settlements. They serve as delivery and pickup points for various resistance operations and act as rally points where mercenary fighters can be <b>recruited</b>.",本部の隠れ家は、人里離れた家や小さな集落など、比較的安全な場所に設けられます。各種レジスタンス作戦の受け渡し場所となるほか、<b>新兵</b>を雇用できる集合場所としても機能します。,
JWK-FM-Resistance-Hideouts-Title,Hideouts,隠れ家,
JWK-FM-Resistance-Hideouts-bf9cf040-HQhideouts,HQ hideouts,本部の隠れ家,
JWK-FM-Resistance-Hideouts-ca60f274-TheHQslocationis,"The HQ's location is not automatically revealed on your map. To discover its position, you must either call the HQ using a phone or contact it via radio, and then travel to the coordinates you are given.",本部の位置は自動ではマップに表示されません。公衆電話や無線機で本部へ連絡し、教えられた座標へ向かってください。,
JWK-FM-Resistance-Hideouts-e8443423-Hideoutofficersa,"Hideout officers also offer guns, ammunition, and other war materials - all available in exchange for money.",隠れ家の将校は、銃器、弾薬、その他の軍需品も販売しています。,
JWK-FM-Resistance-Missions-13db2b7c-Missionsandtheir,"Missions and their progress is, at any stage, fully persistent. It is a good idea to look up the journal upon joining an existing online session to check out if there are any already started missions.",ミッションとその進行状況は常に保存されます。進行中のオンラインセッションへ参加したときは、すでに開始されているミッションがないかジャーナルで確認してください。,
JWK-FM-Resistance-Missions-14df7725-Youcanreceivemis,"You can receive missions by talking to the <b>resistance officer</b>. Missions are shared by all ingame players and it does not matter which player takes or reports them. If the mission is awarded with money, the amount is automatically split between all ingame players.",ミッションは<b>レジスタンス将校</b>に話しかけると受けられます。ミッションは参加中の全プレイヤーで共有され、誰が受注・報告しても進行します。報酬が現金の場合、その金額は参加中の全プレイヤーへ自動的に分配されます。,
JWK-FM-Resistance-Missions-Title,Missions,ミッション,
JWK-FM-Resistance-Recruits-985f01a6-Youcanrecruitres,You can recruit <b>resistance fighters</b> at <b>HQ hideouts</b> existing in the world or <b>living areas</b> constructed by players at the resistance operating bases. Recruited fighters can be <b>commanded</b> as members of your squad.,<b>レジスタンス兵</b>は、世界各地の<b>本部の隠れ家</b>や、レジスタンスの作戦基地に建設した<b>居住区</b>で雇用できます。雇用した兵士は分隊員として<b>指揮</b>できます。,
JWK-FM-Resistance-Recruits-Title,Recruits,新兵,
JWK-FM-Resistance-Title,Resistance,レジスタンス,
JWK-FM-Resistance-Traders-68db1d01-Contentsindevelo,Contents in development.,開発中のコンテンツ。,
JWK-FM-Resistance-Traders-Title,Traders,商人,
JWK-FM-World-Airports-64821fa9-Airportsallowyou,"Airports allow you to import light ground vehicles - such as cars or motorbikes - from the supporting faction, but they also offer <b>helicopters</b>. Import helipads are marked on the map with a helipad icon and can be interacted with through a parking sign.",空港では、支持勢力から車やバイクなどの軽車両に加え、<b>ヘリコプター</b>も輸入できます。輸入用ヘリパッドはマップ上にヘリパッドのアイコンで表示され、駐車標識から利用できます。,
JWK-FM-World-Airports-9e315545-Airportsjustlike,"Airports, just like <b>ports</b>, allow to import <b>supplies</b>. See the Field Manual page dedicated for <b>Ports</b> for more details on that.",空港では<b>港</b>と同様に<b>物資</b>も輸入できます。詳しくはフィールドマニュアルの<b>港</b>を参照してください。,
JWK-FM-World-Airports-Title,Airports,空港,
JWK-FM-World-Airports-e3d417d4-Vehicleimport,Vehicle import,車両の輸入,
JWK-FM-World-Fuelstations-9a7f2b99-Refuelingatafuel,"Refueling at a fuel station - whether a tanker, or directly to your vehicle's tank - costs money. While you can empty a fuel station if you use it heavily, it will slowly replenish its storages over time.",ガソリンスタンドでの給油には、タンクローリーへの補給でも車両への直接給油でも費用がかかります。頻繁に利用すると在庫が尽きる場合がありますが、燃料は時間とともに補充されます。,
JWK-FM-World-Fuelstations-Title,Fuel stations,ガソリンスタンド,
JWK-FM-World-Fuelstations-dc31ee67-Fuelstationsacta,"Fuel stations act as primary source of fuel for your revolution - literally. Fueling points and storages constructed in your bases are empty by default, and fuel is a finite resource. To gather fuel, you need to capture or procure a tanker and visit a fuel station.",ガソリンスタンドは、蜂起に必要な燃料の主な入手先です。基地に建設した給油所や燃料貯蔵庫は最初は空で、燃料は有限です。燃料を確保するには、タンクローリーを奪取または調達してガソリンスタンドへ向かってください。,
JWK-FM-World-Maplegend-348b2765-Factory,Factory,工場,
JWK-FM-World-Maplegend-47518732-Resistance,Resistance,レジスタンス,
JWK-FM-World-Maplegend-48c3baea-Armory,Armory,武器庫,
JWK-FM-World-Maplegend-5921b838-Radiotower,Radio tower,無線塔,
JWK-FM-World-Maplegend-5d44d2d3-Fuelstation,Fuel station,ガソリンスタンド,
JWK-FM-World-Maplegend-61a6ed0e-Camp,Camp,キャンプ,
JWK-FM-World-Maplegend-64655b16-FOB,FOB,FOB,
JWK-FM-World-Maplegend-64af7cb4-Busstop,Bus stop,バス停,
JWK-FM-World-Maplegend-6b95049d-Resourcestorage,Resource storage,物資貯蔵庫,
JWK-FM-World-Maplegend-6cc33bcf-Jail,Jail,刑務所,
JWK-FM-World-Maplegend-8296a839-Phonebooth,Phone booth,公衆電話,
JWK-FM-World-Maplegend-83bbf7c6-Medicalstore,Medical store,薬局,
JWK-FM-World-Maplegend-86a63632-Ferrystop,Ferry stop,フェリー乗り場,
JWK-FM-World-Maplegend-988a643d-Garage,Garage,ガレージ,
JWK-FM-World-Maplegend-Title,Map legend,地図の凡例,
JWK-FM-World-Maplegend-a33f17c2-Radarsite,Radar site,レーダーサイト,
JWK-FM-World-Maplegend-b12cce5e-Airport,Airport,空港,
JWK-FM-World-Maplegend-b99656c6-Repairstation,Repair station,整備施設,
JWK-FM-World-Maplegend-c903cd15-Posterlocation,Poster location,ポスター掲示場所,
JWK-FM-World-Maplegend-ca95cfbb-Helipad,Helipad,ヘリパッド,
JWK-FM-World-Maplegend-d0b6de6e-Vilage,Vilage,村,
JWK-FM-World-Maplegend-d8cfa072-Postoffice,Post office,郵便局,
JWK-FM-World-Maplegend-e3a3f2f2-Port,Port,港,
JWK-FM-World-Maplegend-eb4e0385-Clothingstore,Clothing store,衣料品店,
JWK-FM-World-Maplegend-ecd4689a-Town,Town,町,
JWK-FM-World-Maplegend-f1f76b05-Militarybase,Military base,軍事基地,
JWK-FM-World-Maplegend-facc7fd8-Generalstore,General store,雑貨店,
JWK-FM-World-Maptools-68db1d01-Contentsindevelo,Contents in development.,開発中のコンテンツ。,
JWK-FM-World-Maptools-Title,Map tools,マップツール,
JWK-FM-World-Phones-Title,Phones,電話,
JWK-FM-World-Phones-c9900c12-Phonescanbeusedt,"Phones can be used to make calls to known contacts using the phonebook, or by dialling a number manually. Once phone is interacted with, a radial menu will appear enabling to choose the preferred method.",電話帳から連絡先を選ぶか、番号を直接入力すると、判明している連絡先へ電話できます。電話を操作するとラジアルメニューが開き、発信方法を選択できます。,
JWK-FM-World-Ports-0018970b-Importedvehicles,Imported vehicles need to be paid for in cash.,輸入車両の代金は現金で支払います。,
JWK-FM-World-Ports-2578594f-Whentheportisund,"When the port is under resistance control, it will allow you to import ground vehicles of the supporting faction. Contrary to airports, ports can also import heavy vehicles such as tanks and other armor.",港をレジスタンスが制圧すると、支持勢力から地上車両を輸入できます。空港と異なり、港では戦車などの大型装甲車両も輸入できます。,
JWK-FM-World-Ports-3054ca77-Toimportavehicle,"To import a vehicle, interact with the parking sign at the pickup area. Selection of available vehicles is very limited, but it's different at every port and changes every day.",車両を輸入するには、受取場所にある駐車標識を操作します。選べる車両は限られますが、港ごとに異なり、品揃えは毎日変わります。,
JWK-FM-World-Ports-535958a2-Oncesuppliesarep,"Once supplies are purchased, they will be placed in the pickup area. Don't worry if you can't haul all goods in one go - those supplies are secure and will be waiting for pickup after you return.",購入した物資は受取場所に置かれます。一度に運び切れなくても、残りは安全に保管され、後で回収できます。,
JWK-FM-World-Ports-Title,Ports,港,
JWK-FM-World-Ports-a21e1c4c-Portscanbeusedto,"Ports can be used to import <b>supplies</b> from abroad, an essential resource representing various commodities essential both for everyday life and development of your facilities. Supplies can be bought for money after interacting with the storage area sign. Each port has a limited storage of supplies, but after a few days the stock should be replenished. Port storages are independent from each other and are refilled separately.",港では、生活や施設の建設に必要な各種<b>物資</b>を海外から輸入できます。保管場所の標識を操作すると購入できます。各港の在庫は限られていますが、数日で補充されます。在庫と補充状況は港ごとに個別に管理されます。,
JWK-FM-World-Ports-b5cbc3ad-Portswithinilleg,Ports within illegal areas (usually within enemy military establishments) cannot be used for import.,禁止区域内にある港は輸入に利用できません。通常は敵の軍事施設内にあります。,
JWK-FM-World-Ports-e3d417d4-Vehicleimport,Vehicle import,車両の輸入,
JWK-FM-World-Publictransport-7d2d9d28-Totravelyouhavet,"To travel, you have to appear as a civilian and cannot be <b>wanted</b>.",公共交通機関を利用するには、民間人らしい服装をし、<b>指名手配中</b>でない必要があります。,
JWK-FM-World-Publictransport-8f93c5fe-Publictransportc,"Public transport can be used to quickly travel around the map. You can use <b>buses</b> to travel on roads and <b>ferries</b> to navigate the water bodies. Every passenger has to buy a ticket each time they travel, price of which depends on the distance traveled. Sometimes certain stops may become temporarily unavailable, for example due to ongoing battles or administrative decisions of the authorities.",公共交通機関を使うと、マップ内を素早く移動できます。道路では<b>バス</b>、水路では<b>フェリー</b>を利用できます。乗客は移動のたびに切符を購入する必要があり、料金は距離で変わります。戦闘の発生や当局の判断により、一部の停留所が一時的に利用できなくなる場合があります。,
JWK-FM-World-Publictransport-Title,Public transport,公共交通機関,
JWK-FM-World-Shops-0141b49e-Whileitemstocksa,"While item stocks are limited, they usually get replenished before next business day begins. Shops will not want to serve you if you are <b>wanted</b>. Also keep in mind the current time of day - each shop has specific business hours, outside of which you will not be served.",商品の在庫には限りがありますが、通常は次の営業日までに補充されます。<b>指名手配中</b>は店を利用できません。また、営業時間外も利用できません。,
JWK-FM-World-Shops-Title,Shops,ショップ,
JWK-FM-World-Shops-a2f297b9-Variouscivilians,"Various civilian shops can be found in the world, offering diverse assortment of goods. At general shops, you can buy various items intended for tourism, which are also incidentally useful if you plan to conduct guerilla warfare - such as compasses, watches or binoculars. Clothing shops may be useful if you want to get rid of your uniform and blend into the crowd. If you intend to be shot, make sure to visit the pharmacy beforehand.",各地の民間商店ではさまざまな商品を販売しています。雑貨店ではコンパス、腕時計、双眼鏡など、ゲリラ活動にも役立つ道具を購入できます。衣料品店では、軍服を脱いで群衆に紛れるための服を購入できます。銃撃戦に備えるなら、先に薬局へ寄っておきましょう。,
JWK-FM-World-Title,World,マップ・ナビゲーション,
JWK-FailureStateUI-BrokenSave-Title,Incompatible save game,互換性のないセーブゲーム,
JWK-FailureStateUI-FactionConfigs-Description,Problems were detected with one or more of selected factions. Please report this problem to the integration author along with complete log files.,選択した勢力の設定に問題があります。完全なログファイルを添えて、統合MODの作成者へ報告してください。,
JWK-FailureStateUI-FactionConfigs-Title,Factions error,勢力エラー,
JWK-FailureStateUI-Generic-Description,An unknown error occured. Check logs for details and report this to the mod authors.,不明なエラーが発生しました。詳細についてはログを確認し、これを MOD 作者に報告してください。,
JWK-FailureStateUI-Generic-Title,Error,エラー,
JWK-FailureStateUI-WorldSetup-Description,Scenario or terrain validation failed. Please report this problem to the scenario author along with a full set of log files.,シナリオまたは地形の検証に失敗しました。すべてのログファイルを添えて、シナリオ作成者へ報告してください。,
JWK-FailureStateUI-WorldSetup-Title,World setup error,ワールド設定エラー,
JWK-FastTravelUI-ConfirmText,Confirm to fast travel to the selected location.,選択した地点へファストトラベルしますか？,
JWK-FastTravelUI-Distance,Distance: %1.,距離: %1。,
JWK-FastTravelUI-FuelRequired,Required fuel: %1.,必要な燃料: %1。,
JWK-FastTravelUI-Info,You can fast travel to a selected location using the road network.,道路網を使って、選択した地点へファストトラベルできます。,
JWK-FastTravelUI-InfoMainRoadsOnly,Fast travel is only possible using main roads.,ファストトラベルは主要道路を使用する場合のみ可能です。,
JWK-FastTravelUI-InfoTerritoryRestricted,You can only travel over resistance controlled territory due to your appearance.,外見上の理由により、レジスタンスが管理する領域のみを移動できます。,
JWK-FastTravelUI-Prompt,Select a point to plan the route.,地点を選択してルートを設定,
JWK-FastTravelUI-Reason-EnemiesNearby,You cannot travel while enemies are nearby.,敵が近くにいる間は移動できません。,
JWK-FastTravelUI-Reason-EngineOff,You cannot travel with the engine off.,エンジン停止中はファストトラベルできません。,
JWK-FastTravelUI-Reason-Generic,Fast travel is not available at this moment.,現時点ではファストトラベルは利用できません。,
JWK-FastTravelUI-Reason-IncompatibleVehicle,Current vehicle cannot be used for travel.,この車両ではファストトラベルできません。,
JWK-FastTravelUI-Reason-LocationOther,This location cannot be used for travel.,この地点へはファストトラベルできません。,
JWK-FastTravelUI-Reason-NoRoadAccess,This location has no road access.,この地点は道路に接続されていません。,
JWK-FastTravelUI-Reason-NoTerritoryControl,You can only travel over resistance controlled territory.,レジスタンスが支配する領域のみを移動できます。,
JWK-FastTravelUI-Reason-NotDriver,You must be the driver to travel.,運転席にいる必要があります。,
JWK-FastTravelUI-Reason-NotEnoughFuel,Not enough fuel to travel to this location.,この場所まで移動するには燃料が足りません。,
JWK-FastTravelUI-Reason-NotInVehicle,You must be in a vehicle to travel.,車両に乗っている必要があります。,
JWK-FastTravelUI-Reason-NotOnRoad,You must be on a road to travel.,道路上にいる必要があります。,
JWK-FastTravelUI-Reason-NotStationary,Your vehicle must be stationary to travel.,車両を停止させてください。,
JWK-FastTravelUI-Reason-RouteNotFound,There is no accessible road route from your location.,現在地からアクセスできる道路ルートはありません。,
JWK-FastTravelUI-Reason-RouteTooShort,Distance is too short to travel.,距離が近すぎるためファストトラベルできません。,
JWK-FastTravelUI-Reason-Undercover,You cannot travel while undercover.,潜入中はファストトラベルできません。,
JWK-FieldManual,Field Manual,フィールドマニュアル,
JWK-FirstTimeUI-OpenDiscord,Open Discord,Discordを開く,
JWK-FirstTimeUI-Text2,"Please keep in mind this project is in an <b>early access</b> state. Not all features are complete.<br/><br/>Join the <b>Discord community</b> by scanning the code on the right to report bugs, discuss the project, post suggestions, find compatible mods and community scenarios.<br/><br/>Good luck!",本MODは早期アクセス段階です。<br/>未完成の機能があります。<br/>右のコードからDiscordコミュニティへ。<br/>不具合の報告、MODの議論や提案のほか、<br/>対応MODやコミュニティ制作シナリオを<br/>探せます。<br/>健闘を祈ります！,
JWK-FirstTimeUI-TextFM,<b>Field Manual</b> is a great resource to learn how to play. Select the cover on the left to open a highlighted article. You can also access the manual at any time using the pause menu.,フィールドマニュアルで遊び方を確認。<br/>左の表紙を選ぶと注目の記事が開きます。<br/>ポーズメニューからもいつでも読めます。,
JWK-FirstTimeUI-Title,Welcome to Freedom Fighters,Freedom Fightersへようこそ,
JWK-FreedomFighters,Freedom Fighters,Freedom Fighters,
JWK-FreedomFighters-MissionDescription,Start an uprising and lead your people to freedom in this open-world persistent campaign.,このオープンワールドの永続キャンペーンで蜂起を起こし、人々を自由へ導け。,
JWK-GameProgressUI-Bases,BASES,基地,
JWK-GameProgressUI-DaysFighting,DAYS FIGHTING,戦闘日数,
JWK-GameProgressUI-Factories,FACTORIES,工場,
JWK-GameProgressUI-Hostiles,HOSTILES,敵対住民,
JWK-GameProgressUI-NeutralPop,NEUTRAL POPULATION,中立住民,
JWK-GameProgressUI-OccupiersKilled,OCCUPIERS KILLED,占領軍の死者,
JWK-GameProgressUI-Posters,POSTERS,ポスター,
JWK-GameProgressUI-Radars,RADAR SITES,レーダーサイト,
JWK-GameProgressUI-RadioTowers,RADIO TOWERS,無線塔,
JWK-GameProgressUI-ResistanceLoses,RESISTANCE LOSSES,レジスタンスの損害,
JWK-GameProgressUI-Supporters,SUPPORTERS,支持者,
JWK-GameProgressUI-Title,Campaign Progress,キャンペーンの進行状況,
JWK-GameProgressUI-TotalProgress,Total progress,総合進捗,
JWK-GameProgressUI-Towns,TOWNS,町,
JWK-GameSetting-Balance-BattleBudgetFactor,Enemy budget,敵軍予算,
JWK-GameSetting-Balance-BattleBudgetFactor-Description,Affects enemy response budget. Greater budget means more enemy waves and longer battles.,敵軍の対応予算に影響します。予算が多いほど増援の波が増え、戦闘が長引きます。,
JWK-GameSetting-Balance-BattleFreeFighters,Extra friendly fighters,追加の友軍戦闘員,
JWK-GameSetting-Balance-BattleFreeFighters-Description,"Number of friendly fighters spawned into battle free of charge, regardless of available supply and support.",物資や住民の支持に関係なく、戦闘に無償で出現する友軍戦闘員の数。,
JWK-GameSetting-Balance-BattleFriendliesFactor,Friendly budget,友軍戦力上限,
JWK-GameSetting-Balance-BattleFriendliesFactor-Description,Affects the total amount of friendly fighters that can take part in the battle (given maximum support and supply level).,戦闘に参加できる友軍戦闘員の総数に影響します（住民の支持と物資が最大の場合）。,
JWK-GameSetting-Balance-EnemyMult,Enemy forces factor,敵戦力係数,
JWK-GameSetting-Balance-ForceMult-Description,"Affects manpower of QRFs, checkpoint crews, POI defenders and others. Does not affect battles or garrisons.",QRF、検問所の要員、重要地点の守備隊などの兵力に影響します。戦闘や駐屯部隊には影響しません。,
JWK-GameSetting-Balance-FriendlyMult,Friendly forces factor,友軍戦力係数,
JWK-GameSetting-Balance-MpScaling,Multiplayer scaling,マルチプレイ補正,
JWK-GameSetting-Balance-MpScaling-Description,"Leave as default to automatically scale the difficulty based on the number of players online, or force the scaling factor to a static number of players.",デフォルトではオンライン人数に応じて難易度を自動調整します。固定人数を指定して補正を固定することもできます。,
JWK-GameSetting-Balance-ProgressScaling,Progress scaling,進行度補正,
JWK-GameSetting-Balance-ProgressScaling-Description,"Leave as default to automatically scale the difficulty based on the campaign progress, or force it to a specific progress value.",デフォルトではキャンペーン進行度に応じて難易度を自動調整します。特定の進行度に固定することもできます。,
JWK-GameSetting-Battles,Battles,戦闘,
JWK-GameSetting-Economy-BuildMult,Construction cost factor,建設コスト係数,
JWK-GameSetting-Economy-DogtagValue,Dogtag value,ドッグタグの価値,
JWK-GameSetting-Economy-DonateRequiredSupplies,Donation supplies per supporter,支持者1人あたりの寄付物資,
JWK-GameSetting-Economy-FactoryProductionFactor,Factory production factor,工場生産量係数,
JWK-GameSetting-Economy-FuelPrice,Fuel price,燃料価格,
JWK-GameSetting-Economy-GarageDistanceCostMult,Retrieval distance cost factor,車両回収距離コスト係数,
JWK-GameSetting-Economy-GarageRetrievalFee,Garage retrieval fee,ガレージ回収手数料,
JWK-GameSetting-Economy-PlaceableMult,Placeables cost factor,設置物コスト係数,
JWK-GameSetting-Economy-ShopProfitMargin,Shop's profit margin,店舗利益率,
JWK-GameSetting-Economy-SupporterIncome,Income per supporter,支持者1人当たりの収入,
JWK-GameSetting-Economy-SupporterIncome-Description,Base amount received by players periodically from each supporter of the resistance.,プレイヤーがレジスタンスの各支持者から定期的に受け取る基本額。,
JWK-GameSetting-Economy-SupporterIncomeCap,Supporter income limit,支持者収入上限,
JWK-GameSetting-Economy-SupporterIncomeCap-Description,Limit maximum income from supporters per player. Set 0 to disable.,プレイヤー1人あたりが支持者から得られる収入の上限。0で無効になります。,
JWK-GameSetting-Economy-SupporterIncomeLinear,Linear supporter income,支持者ごとの固定収入,
JWK-GameSetting-Economy-SupporterIncomeLinear-Description,Select to generate constant income per supporter instead of weighting it. Linear income provides less profits until late into the game.,支持者ごとの収入を重み付けせず、一定額にします。ゲーム後半までは通常より収入が少なくなります。,
JWK-GameSetting-Economy-Supporters,Supporters,支持者,
JWK-GameSetting-Enum-Far,Far,遠い,
JWK-GameSetting-Enum-Maximum,Maximum,最大,
JWK-GameSetting-Enum-Medium,Medium,中,
JWK-GameSetting-Enum-Near,Near,近い,
JWK-GameSetting-Gameplay-AiSubordinateLimit,AI subordinate limit,AI部下数上限,
JWK-GameSetting-Gameplay-AiSubordinateLimit-Description,Controls how many AI characters can be commanded at once.,同時に指揮できるAI兵士の人数。,
JWK-GameSetting-Gameplay-CharacterHeatTime,Character heat cooldown,手配度の解除時間,
JWK-GameSetting-Gameplay-ClothingBlood,Bloodied clothes effect threshold,血痕による発覚しきい値,
JWK-GameSetting-Gameplay-ClothingBlood-Description,Players will become wanted if they are seen in clothes bloodied above this level. Set to 0 to disable.,衣服の血痕がこの値を超えた状態で目撃されると指名手配されます。0で無効になります。,
JWK-GameSetting-Gameplay-EnableEpi,Epinephrine injectors,エピネフリン注射器,
JWK-GameSetting-Gameplay-EnableEpi-Description,"Enables an epinephrine injector item, which instantly recovers full health. Disabling this option on existing saves will not remove items from the world, but they will not be usable.",使用すると体力を完全回復するエピネフリン注射器を有効にします。既存のセーブデータで無効にしても配置済みのアイテムは消えませんが、使用できなくなります。,
JWK-GameSetting-Gameplay-EnableRest,Enable resting,休息を有効化,
JWK-GameSetting-Gameplay-EnemyLootBalancing,Enemy loot balancing,敵の戦利品のバランス調整,
JWK-GameSetting-Gameplay-EnemyLootBalancing-Description,"Dynamically adjusts loot found on killed enemies, making scavenging for items more diverse and sustained use of enemy weapons more challenging. Disable if you want abundance of enemy equipment.",倒した敵が持つ戦利品を動的に調整し、入手できるアイテムに幅を持たせる一方、敵の武器を使い続けにくくします。敵装備を豊富に入手したい場合は無効にしてください。,
JWK-GameSetting-Gameplay-EpiSelfRevive,Epinephrine self-revive,エピネフリンの自己蘇生,
JWK-GameSetting-Gameplay-EpiSelfRevive-Description,Can the epinephrine be self-administered by a downed player.,行動不能中のプレイヤーがエピネフリンを自己投与できるかどうか。,
JWK-GameSetting-Gameplay-EpiWithstandTime,Withstand time,持ちこたえる時間,
JWK-GameSetting-Gameplay-EpiWithstandTime-Description,How long does the player have to withstand in the downed state in order to self-administer epinephrine.,エピネフリンを自己投与できるようになるまで、行動不能状態で持ちこたえる時間。,
JWK-GameSetting-Gameplay-Heat-Description,How long does it take to lose maximum heat level (wanted state).,手配度が最大値から0になり、指名手配が解除されるまでの時間。,
JWK-GameSetting-Gameplay-InfiniteInventory-Description,"Automatically resupplies AI units with ammunition and consumable items as they are used. Enable for longer and more intense firefights, disable if you use other mods that enable AI to resupply autonomously.",AIユニットが弾薬や消耗品を使うと自動補給します。銃撃戦を長く激しくしたい場合に有効にしてください。AIが自律的に補給する別のMODを使用する場合は無効にしてください。,
JWK-GameSetting-Gameplay-InfiniteInventoryEnemy,Infinite inventory (enemy AI),インベントリ無制限（敵AI）,
JWK-GameSetting-Gameplay-InfiniteInventoryFriendly,Infinite inventory (friendly AI),インベントリ無制限（友軍AI）,
JWK-GameSetting-Gameplay-LockBoxes,Allow storage locking,保管箱のロックを許可,
JWK-GameSetting-Gameplay-LockBoxes-Description,"Only relevant in multiplayer. If turned off, any already locked player containers will become accessible, but the ownership data is not cleared, and the setting may be reverted.",マルチプレイでのみ有効です。無効にするとロック済みのプレイヤー用コンテナにもアクセスできますが、所有権データは消去されないため、設定が元に戻る場合があります。,
JWK-GameSetting-Gameplay-LockVics,Allow vehicle locking,車両のロックを許可する,
JWK-GameSetting-Gameplay-LockVics-Description,"Only relevant in multiplayer. If turned off, any already locked vehicles will become accessible, but the ownership data is not cleared, and the setting may be reverted.",マルチプレイヤーでのみ関連します。オフにすると、すでにロックされている車両にアクセスできるようになりますが、所有権データはクリアされず、設定が元に戻る可能性があります。,
JWK-GameSetting-Gameplay-MedicalSystem,Medical system,医療システム,
JWK-GameSetting-Gameplay-MeleeBloodChance,Melee blood chance,近接攻撃時の血痕付着率,
JWK-GameSetting-Gameplay-MeleeBloodChance-Description,Chances for the player clothing to get bloodied when performing melee attacks.,近接攻撃時にプレイヤーの衣服へ血痕が付く確率。,
JWK-GameSetting-Gameplay-NudismIllegal,Nudity is illegal,裸を違法扱い,
JWK-GameSetting-Gameplay-NudismIllegal-Description,"Enable to treat players who are missing shirts, pants or shoes as combatants.",シャツ、ズボン、靴のいずれかを身につけていないプレイヤーを戦闘員として扱います。,
JWK-GameSetting-Gameplay-Resting,Resting,休息,
JWK-GameSetting-Gameplay-RestingHeals,Resting heals,休息で回復,
JWK-GameSetting-Gameplay-RestingRunsEconomy,Resting runs economy,休息中も経済を進行,
JWK-GameSetting-Gameplay-RestingRunsEconomy-Description,"Select to enable factory production, ports and fuel stations resupplying, supporters income and other economy aspects to be processed during resting (time skip).",休息による時間経過中も、工場の生産、港やガソリンスタンドの補充、支持者からの収入などを処理します。,
JWK-GameSetting-Gameplay-VehicleHeatTime,Vehicle heat cooldown,車両手配度の解除時間,
JWK-GameSetting-General,General,一般,
JWK-GameSetting-HNM-CapHostiles,Cap hostiles,敵対住民数を制限,
JWK-GameSetting-HNM-CapHostiles-Description,"If enabled, only non-supporters can turn into hostiles. This reduces the possibility of losing support due to player actions.",有効にすると、非支持者だけが敵対住民になります。プレイヤーの行動によって支持者を失う可能性を抑えます。,
JWK-GameSetting-HNM-HostilesModifiers,Hostiles modifiers strength,敵対化補正の強さ,
JWK-GameSetting-HNM-Modifiers-Description,"Adjusts the impact of this modifier type. Set to 0 to disable the modifier entirely. Use with caution, as this can easily break the balance of the game.",この種類の補正が与える影響を調整します。0で完全に無効になります。ゲームバランスを崩しやすいため注意してください。,
JWK-GameSetting-HNM-PunishOtherCivDeaths,Civilian deaths cause hostility,民間人の死亡で敵対度上昇,
JWK-GameSetting-HNM-PunishOtherCivDeaths-Description,Enable to add negative modifiers for any civilian deaths unrelated to players' activity.,プレイヤーの行動とは無関係に民間人が死亡した場合も、マイナス補正を追加します。,
JWK-GameSetting-HNM-PunishPlayerCivKills,Killing civilians causes hostility,民間人殺害で敵対度上昇,
JWK-GameSetting-HNM-PunishPlayerCivKills-Description,Enable to add negative modifiers for civilian deaths caused by players.,プレイヤーが民間人を死亡させた場合にマイナス補正を追加します。,
JWK-GameSetting-HNM-SupportersModifiers,Supporters modifiers strength,支持獲得補正の強さ,
JWK-GameSetting-HNM-ThreatModifiers,Threat modifiers strength,脅威度補正の強さ,
JWK-GameSetting-HUD-CallToActions,Show context prompts,コンテキストプロンプトを表示,
JWK-GameSetting-HUD-CallToActions-Description,Context prompts are hints displayed in the lower part of the screen when a contextual action is available in the Freedom Fighters radial menu. Do not disable unless you and everyone on your server are veteran FF players.,Freedom Fightersのラジアルメニューで状況に応じたアクションを利用できるとき、画面下部にヒントを表示します。サーバー内の全員が熟練者でない限り、無効にしないでください。,
JWK-GameSetting-HUD-CharacterHeatStatus,Character heat indicator,手配度インジケーター,
JWK-GameSetting-HUD-CombatantStatus,Combatant appearance indicator,戦闘員判定表示,
JWK-GameSetting-HUD-DetectionStatus,Detection indicator,検出インジケーター,
JWK-GameSetting-HUD-IllegalAreaStatus,Illegal area indicator,違法エリアインジケーター,
JWK-GameSetting-HUD-UndercoverStatus,Undercover state indicator,潜入状態インジケーター,
JWK-GameSetting-HUD-VehicleHeatStatus,Vehicle heat indicator,車両手配度インジケーター,
JWK-GameSetting-HUD-VisibilityStatus,Visibility indicator,可視性インジケーター,
JWK-GameSetting-Misc,Misc.,その他,
JWK-GameSetting-Misc-AmbientTrafficIntensity,Ambient traffic intensity,一般車両の交通量,
JWK-GameSetting-Misc-AmbientTrafficIntensity-Description,"Determines the amount of civilian road traffic in the world. Leave at the default value to use the one defined by the scenario author. 0% means the lowest intensity, not a complete absence of traffic.",民間車両の交通量を設定します。シナリオ作成者が指定した値を使う場合はデフォルトのままにしてください。0%でも交通量はゼロにならず、最低量になります。,
JWK-GameSetting-Misc-AntiGriefer,Anti-griefing,アンチグリーフィング,
JWK-GameSetting-Misc-AntiHonker,Disable AI car horns,AI車両のクラクションを無効化,
JWK-GameSetting-Misc-AntiHonker-Description,"Disables the horn sound for cars controlled by AI drivers. This suppresses only the sound, not the underlying logic, so pedestrians will still get out of the way.",AIが運転する車両のクラクション音だけを無効にします。回避行動の処理は残るため、歩行者は引き続き道を空けます。,
JWK-GameSetting-Misc-GarageRetrievalMinDist,Min. garage retrieval distance,ガレージ回収の最小距離,
JWK-GameSetting-Misc-GrieferScore-Description,"Determines how inflicting damage on and killing characters of this type increases the player's griefer score. After reaching a certain threshold, the player will be punished for further attacks. Set to 0 to disable.",この種類のキャラクターへの攻撃や殺害によって、グリーファースコアがどれだけ増えるかを決めます。一定値を超えると、さらに攻撃した際に処罰されます。0で無効になります。,
JWK-GameSetting-Misc-GrieferScoreCivs,Civilian attacks impact,民間人への攻撃の影響,
JWK-GameSetting-Misc-GrieferScoreFriendlies,Friendly AI attacks impact,友軍AIへの攻撃の影響,
JWK-GameSetting-Misc-GrieferScorePvp,PvP attacks impact,PvP攻撃の影響,
JWK-GameSetting-Misc-LocalPlayerMarker,Local player marker,ローカルプレイヤーマーカー,
JWK-GameSetting-Misc-NametagsStatus,Status indicators in nametags,ネームタグのステータスインジケーター,
JWK-GameSetting-Misc-NametagsStatus-Description,Displays status indicators of other players in their nametags. Specific indicators have to be also enabled in HUD section.,他のプレイヤーのステータスインジケーターをネームタグに表示します。特定のインジケーターも HUD セクションで有効にする必要があります。,
JWK-GameSetting-Misc-RemotePlayersMarkers,Remote players markers,他プレイヤーのマーカー,
JWK-GameSetting-Misc-ShowSettings,Allow settings access,設定の閲覧を許可,
JWK-GameSetting-Misc-ShowSettings-Description,Whether regular players are allowed to access this menu in a view-only mode and see which settings are enabled. Only relevant for servers.,一般プレイヤーがこのメニューを閲覧専用で開き、有効な設定を確認できるかどうか。サーバーでのみ使用します。,
JWK-GameSetting-Misc-TppCamera,Third person camera,三人称カメラ,
JWK-GameSetting-Misc-TppCamera-Default,Default,デフォルト,
JWK-GameSetting-Misc-TppCamera-Description,Options other than <b>Default</b> require third person view to be enabled in Reforger server settings.,<b>デフォルト</b> 以外のオプションでは、Reforger サーバー設定で三人称視点を有効にする必要があります。,
JWK-GameSetting-Misc-TppCamera-DriverOnly,Driver only,ドライバーのみ,
JWK-GameSetting-Misc-TppCamera-PassengerOnly,Passenger only,乗客のみ,
JWK-GameSetting-Misc-TppCamera-VehicleOnly,Vehicle only,車両のみ,
JWK-GameSetting-Respawn-BodyMode,Player body behavior,プレイヤー遺体の処理,
JWK-GameSetting-Respawn-BodyMode-Collect,Collect,回収,
JWK-GameSetting-Respawn-BodyMode-Description,"<b>Generic</b> - player bodies are treated just like AI. <b>Keep last</b> - one, last player body is never collected. <b>Collect</b> - player body will be collected as soon as there is nobody near it. Changing this will not affect bodies already existing in the world.",<b>通常</b>：プレイヤーの遺体をAIの遺体と同様に扱います。<b>最後の遺体を維持</b>：直近のプレイヤー遺体1体を回収しません。<b>回収</b>：周囲に誰もいなくなった時点で回収します。変更しても、すでに存在する遺体には影響しません。,
JWK-GameSetting-Respawn-BodyMode-Generic,Generic,通常,
JWK-GameSetting-Respawn-BodyMode-KeepLast,Keep last,最後の遺体を維持,
JWK-GameSetting-Respawn-Civilian,Civilian,民間人,
JWK-GameSetting-Respawn-LoadoutHandgun,Include handgun,拳銃を支給,
JWK-GameSetting-Respawn-LoadoutMap,Include map,マップを支給,
JWK-GameSetting-Respawn-MoneyCost,Money cost,所持金コスト,
JWK-GameSetting-Respawn-MoneyGuarantee,Protected money balance,所持金保護額,
JWK-GameSetting-Respawn-MoneyGuarantee-Description,Respawn money cost is not deducted if player's balance is below this threshold.,所持金がこの値を下回る場合、リスポーン費用は差し引かれません。,
JWK-GameSetting-Respawn-Resistance,Resistance,レジスタンス,
JWK-GameSetting-Respawn-ResistanceLoadoutItem-Description,Should this item be always included in player inventory when spawning as a resistance fighter.,レジスタンス兵としてスポーンするとき、常にプレイヤーのインベントリへ追加するかどうか。,
JWK-GameSetting-Respawn-SuppliesCost,Supplies cost,物資コスト,
JWK-GameSetting-Respawn-SuppliesCost-Description,Cost of respawning as a resistance member in operating bases.,作戦基地でレジスタンスメンバーとしてリスポーンするためのコスト。,
JWK-GameSetting-Respawn-SupporterCost,Supporters cost,支持者コスト,
JWK-GameSetting-Respawn-SupporterCost-Description,Number of supporters deducted for spawning as a civilian.,民間人としてスポーンした場合に差し引かれる支持者の数。,
JWK-GameSetting-Start-FactoryStock-Description,"Higher stock levels allow faster early-game progression, since you can start raiding factories earlier. This only affects the initial allocation.",ストックレベルが高いほど、より早く工場の襲撃を開始できるため、ゲームの序盤の進行が速くなります。これは初期割り当てにのみ影響します。,
JWK-GameSetting-Start-FactoryStockMax,Factory stock levels (max.),工場在庫レベル（最大）,
JWK-GameSetting-Start-FactoryStockMin,Factory stock levels (min.),工場在庫レベル（最小）,
JWK-GameSetting-Start-InitialSupport,Initial supporters,初期支持者,
JWK-GameSetting-Start-InitialSupport-Description,Resistance supporters act as respawn tickets. Increase this if you're playing in a larger group.,レジスタンスの支持者はリスポーンチケットとして機能します。大人数のグループでプレイしている場合は、この値を増やしてください。,
JWK-GameSetting-Start-InitialSupportSpread,Support distribution,支持の分布,
JWK-GameSetting-Start-InitialSupportSpread-Cluster,Clustered,集中,
JWK-GameSetting-Start-InitialSupportSpread-Description,"<b>Clustered</b> distribution will place your initial supporters in the same region of the map. <b>Spreaded</b> will randomize them throughout entire map, which can make the beginning harder on large maps.",<b>集中</b>では初期支持者をマップ内の同じ地域に配置します。<b>分散</b>ではマップ全体へランダムに配置するため、広いマップでは序盤が難しくなる場合があります。,
JWK-GameSetting-Start-InitialSupportSpread-Spread,Spreaded,分散,
JWK-GameSetting-Start-Money,Initial money,初期資金,
JWK-GameSetting-Start-Money-Description,This amount is given to each new player on their first spawn.,この金額は、最初のスポーン時に各新規プレイヤーに与えられます。,
JWK-GameSetting-System-GcAiRange,AI cleanup distance,AIクリーンアップ距離,
JWK-GameSetting-System-GcRange-Description,Defines the minimum distance from players at which objects are removed. Larger values improve the experience but may affect performance.,プレイヤーからどれだけ離れたオブジェクトを削除するか、その最小距離を指定します。値を大きくすると自然な見え方になりますが、パフォーマンスに影響する場合があります。,
JWK-GameSetting-System-GcVehicleRange,Vehicle cleanup distance,車両クリーンアップ距離,
JWK-GameSetting-System-MaxBodies,Dead bodies limit,遺体数上限,
JWK-GameSetting-System-MaxBodies-Description,Total limit of dead AI bodies across the world. Set 0 for no limit.,ワールド全体に残すAIの遺体数上限。0で無制限になります。,
JWK-GameSetting-System-MaxBodiesPerCell,Dead bodies local limit,範囲内の遺体数上限,
JWK-GameSetting-System-MaxBodiesPerCell-Description,Limit of dead AI bodies per 50x50 meters. Set 0 for no limit.,50×50メートルあたりに残すAIの遺体数上限。0で無制限になります。,
JWK-GameSetting-System-MaxItems,Loot items limit,戦利品数上限,
JWK-GameSetting-System-MaxItems-Description,Total limit of loose loot items in the world. Set 0 for no limit.,ワールド全体に残す、地面へ置かれた戦利品の数上限。0で無制限になります。,
JWK-GameSetting-System-MaxItemsPerCell,Loot items local limit,範囲内の戦利品数上限,
JWK-GameSetting-System-MaxItemsPerCell-Description,Limit of loose loot items per 50x50 meters. Set 0 for no limit.,50×50メートルあたりに残す、地面へ置かれた戦利品の数上限。0で無制限になります。,
JWK-GameSetting-System-PersistentDestruction,Persistent destruction,破壊状態を保存,
JWK-GameSetting-System-PersistentDestruction-Description,Server needs to be restarted for this setting to take effect.,この設定を有効にするには、サーバーを再起動する必要があります。,
JWK-GameSetting-System-TrafficGenDistance,Ambient traffic spawn distance,一般車両の出現距離,
JWK-GameSetting-System-TrafficGenDistance-Description,How far from the player ambient traffic is spawned. Larger distances may reduce the perceived traffic intensity but provide a more immersive experience. Performance impact of larger distances varies depending on the terrain and road network layout.,プレイヤーからどれだけ離れた位置に一般車両を出現させるかを指定します。距離を伸ばすと交通量が少なく見える場合がありますが、より自然な体験になります。パフォーマンスへの影響は地形や道路網によって異なります。,
JWK-GameSetting-Travel-BusFlatRate,Bus price (flat rate),バス料金（定額）,
JWK-GameSetting-Travel-BusPricePerKm,Bus price (per km),バス料金（1kmあたり）,
JWK-GameSetting-Travel-EnableFastTravel,Enable fast travel,ファストトラベルを有効化,
JWK-GameSetting-Travel-EnableFastTravel-Description,Fast travel allows to teleport around the map using a vehicle.,ファストトラベルでは、乗り物を使用してマップ内をテレポートできます。,
JWK-GameSetting-Travel-FastAllowDirtRoads,Allow on dirt roads,未舗装路を許可,
JWK-GameSetting-Travel-FastAllowDirtRoads-Description,"Enable to allow fast travel using dirt roads, greatly expanding the area accessible by fast travel.",未舗装の道路を使用したファストトラベルが可能になり、ファストトラベルでアクセスできるエリアが大幅に拡大します。,
JWK-GameSetting-Travel-FastFuelFactor,Fuel consumption,燃料消費量,
JWK-GameSetting-Travel-FastFuelFactor-Description,Determines amount of fuel required for fast travel. Separate from the global fuel consumption factor defined in GM.,ファストトラベルに必要な燃料量を決めます。ゲームマスターで設定する全体の燃料消費係数とは別です。,
JWK-GameSetting-Travel-FastMinDistance,Fast travel min. distance,ファストトラベル最小距離,
JWK-GameSetting-Travel-FastTravel,Fast travel,ファストトラベル,
JWK-GameSetting-Travel-FerryFlatRate,Ferry price (flat rate),フェリー料金（定額）,
JWK-GameSetting-Travel-FerryPricePerKm,Ferry price (per km),フェリー料金（1kmあたり）,
JWK-GameSetting-Travel-ShowFastTravelDetails,Show trip details,経路情報を表示,
JWK-GameSetting-Travel-ShowFastTravelDetails-Description,"Enable to show fast travel route and trip details in map view. If player markers are disabled, this feature may be abused to learn player location.",マップ画面にファストトラベルのルートと移動情報を表示します。プレイヤーマーカーが無効な場合、この機能からプレイヤーの位置を推測される可能性があります。,
JWK-GameSettingsGroup-Balance,Balance,Balance,
JWK-GameSettingsGroup-Balance-Hint,Warning: non-standard settings in this section can cause massive amounts of AI to be spawned and lead to performance issues. Use with caution.,警告: このセクションの非標準設定では、大量の AI が生成され、パフォーマンスの問題が発生する可能性があります。慎重に使用してください。,
JWK-GameSettingsGroup-Economy,Economy,Economy,
JWK-GameSettingsGroup-Gameplay,Gameplay,ゲームプレイ,
JWK-GameSettingsGroup-HUD,HUD,HUD,
JWK-GameSettingsGroup-HeartsAndMinds,Hearts and minds,住民の支持,
JWK-GameSettingsGroup-Misc,Misc.,Misc.,
JWK-GameSettingsGroup-Respawn,Respawn,Respawn,
JWK-GameSettingsGroup-Start,Start,Start,
JWK-GameSettingsGroup-System,System,System,
JWK-GameSettingsGroup-Travel,Travel,Travel,
JWK-GameSettingsUI-ClipboardExport,Export to clipboard,クリップボードにエクスポート,
JWK-GameSettingsUI-ClipboardImport,Import from clipboard,クリップボードからインポート,
JWK-GameSettingsUI-Preset,Preset,プリセット,
JWK-GameSettingsUI-Title,Game settings,ゲーム設定,
JWK-GameSettingsUI-ViewOnlyDisclaimer,This menu is in view-only mode. You need to be logged in as an administrator to change the settings.,このメニューは表示専用モードです。設定を変更するには、管理者としてログインする必要があります。,
JWK-GarageUI-AbandonAction,Abandon,放棄する,
JWK-GarageUI-AvailableFunds,Available funds:,利用可能な資金:,
JWK-GarageUI-CostPerKm,Cost per km:,1kmあたりのコスト:,
JWK-GarageUI-ProcurementAction,Procurement,調達,
JWK-GarageUI-ProcurementCost,Procurement cost:,調達コスト：,
JWK-GarageUI-RetrievalCost,Retrieval cost:,回収コスト:,
JWK-GarageUI-RetrievalDistance,Distance:,距離：,
JWK-GarageUI-RetrievalFee,Retrieval fee:,回収料金：,
JWK-GarageUI-RetrieveAction,Retrieve,取得,
JWK-GarageUI-Title-FieldGarage,Field Garage,フィールドガレージ,
JWK-GarageUI-Title-Garage,Garage,ガレージ,
JWK-GarageUI-Title-Helipad,Helipad,ヘリパッド,
JWK-GarageUI-Title-VehicleDepot,Vehicle Depot,車両基地,
JWK-Hideout-Endangered,This hideout is not operational due to imminent danger.,この隠れ家は差し迫った危険のため稼働していません。,
JWK-Hint-AdminGenericOk,Admin action performed successfully.,管理アクションは正常に実行されました。,
JWK-Hint-BuildingCantBuildAny,You cannot build anything here.,ここには何も建設できません。,
JWK-Hint-BuildingCantBuildThis,You cannot build this here.,ここには建設できません。,
JWK-Hint-CantDoDisabledRadio,You cannot do that with a disabled radio.,故障した無線機では実行できません。,
JWK-Hint-CantDoEnemiesNearby,You cannot do this with enemies nearby.,近くに敵がいるため実行できません。,
JWK-Hint-CantDoHostileTerritory,You cannot do that in enemy territory.,敵支配地域では実行できません。,
JWK-Hint-CantDoInIllegalZone,You cannot do this in illegal zone.,禁止区域では実行できません。,
JWK-Hint-CantDoInMovingVehicle,Your vehicle must not be moving to do this.,車両が動いている間は実行できません。,
JWK-Hint-CantDoInVehicle,You cannot do that while in vehicle.,車両に乗っている間は実行できません。,
JWK-Hint-CantDoNotEnoughMoney,You do not have enough money.,お金が足りません。,
JWK-Hint-CantDoNotEnoughResources,You do not have required resources.,必要な物資がありません。,
JWK-Hint-CantDoUndercover,You cannot do that while undercover.,潜入中は実行できません。,
JWK-Hint-CantDoWhenCombatant,You cannot do that while carrying weapons or in uniform. Hide your weapon and/or swap clothes.,武器の携行中や軍服の着用中は実行できません。武器を隠すか、服を着替えてください。,
JWK-Hint-CantDoWhenWanted,You cannot do that while being wanted. Wait until heat drops off and come back later.,指名手配中は実行できません。手配度が下がってから戻ってください。,
JWK-Hint-CantDoWithoutMap,You need a map to do that.,マップが必要です。,
JWK-Hint-CantDoWithoutWatch,You need a watch to do that.,腕時計が必要です。,
JWK-Hint-CivilianExtortionExtorted,You extorted change money from this person. They will support the enemy from now on!,小銭を脅し取りました。今後は敵を支持するでしょう！,
JWK-Hint-CivilianExtortionNoMoney,This person has no money to extort.,脅し取れる金を持っていません。,
JWK-Hint-CivilianSupporterAlreadySupports,This person already supports the resistance.,すでにレジスタンスを支持しています。,
JWK-Hint-CivilianSupporterConvertedOK,You have convinced this person to support resistance.,レジスタンスを支持するよう説得しました。,
JWK-Hint-CivilianSupporterIsHostile,This person supports enemy and cannot be convinced to your cause.,敵の支持者なので説得できません。,
JWK-Hint-CivilianSupporterNotConverted,You failed to convince this person to support your cause.,こちら側につくよう説得できませんでした。,
JWK-Hint-ConversationCantTalk,You can't talk with this person right now.,今は話せません。,
JWK-Hint-FastTravelArrived,You arrived at your fast travel destination.,ファストトラベルの目的地に到着しました。,
JWK-Hint-FastTravelFailed,This fast travel cannot be performed.,ファストトラベルできません。,
JWK-Hint-FuelTransferFailed,Failed to transfer the fuel.,燃料の移送に失敗しました。,
JWK-Hint-FuelTransferOk,Fuel transferred.,燃料が移送されました。,
JWK-Hint-FuelTransferTooFarAway,You are too far away to transfer the fuel.,燃料を移送するには遠すぎます。,
JWK-Hint-GarageParkInvalidSpotDomain,This vehicle cannot be parked on this type of spot.,この種類の駐車スペースには停められません。,
JWK-Hint-GarageParkOk,Vehicle has been parked. You can now use the garage to retrieve the vehicle from far away.,車両を駐車しました。ガレージから遠隔回収できるようになりました。,
JWK-Hint-GarageParkSpotTooSmall,This vehicle is too large to fit into that parking spot.,車両が大きすぎて駐車スペースに収まりません。,
JWK-Hint-GarageProcurementFailed,Could not procure the vehicle.,車両を調達できませんでした。,
JWK-Hint-GarageRetrieveSpotObstructed,Vehicle cannot be retrieved because the parking spot is obstructed.,駐車スペースが塞がれているため、車両を回収できません。,
JWK-Hint-GarageRetrieveVehicleTooClose,Vehicle is too close to be retrieved.,車両が近すぎて回収できません。,
JWK-Hint-GarageSpotInUse,Another vehicle is already assigned to this parking slot. You can abandon that vehicle and free up the spot by accessing garage management.,この駐車スペースには別の車両が登録されています。ガレージ管理からその車両を放棄すると、スペースを空けられます。,
JWK-Hint-GarageSpotNoVehicle,There is no vehicle assigned to the parking spot.,駐車スペースに車両が登録されていません。,
JWK-Hint-GarageSpotObstructed,The parking spot is obstructed.,駐車場が塞がれています。,
JWK-Hint-GrieferPunished,You have been punished for friendly fire!,フレンドリーファイアにより処罰されました！,
JWK-Hint-GrieferWarning,Friendly fire is not tolerated. You will be punished if you continue to attack friendlies.,フレンドリーファイアは禁止されています。友軍への攻撃を続けると処罰されます。,
JWK-Hint-InventoryCantStoreItem,You do not have enough space in inventory to store the item. It has been placed on the ground.,インベントリに空きがありません。アイテムを地面に置きました。,
JWK-Hint-LockpickBroken,Your lockpick has broken.,ロックピックが壊れました。,
JWK-Hint-LockpickFailed,You failed to pick the lock.,ピッキングに失敗しました。,
JWK-Hint-MoneyTransferNoRecipients,There is no one nearby to transfer money to.,近くに送金相手がいません。,
JWK-Hint-MoneyTransferSent,Money has been transferred.,送金しました。,
JWK-Hint-MoneyTransferTooFarAway,You are too far away to transfer money.,送金するには遠すぎます。,
JWK-Hint-NewGame-FactionAmbientDuplicated,The same faction cannot be used as civilians and a conflict side simultaneously. Please select different factions to continue.,同じ勢力を民間人と紛争側として同時に使用することはできません。続行するには別の勢力を選択してください。,
JWK-Hint-NewGame-FactionEnemyAsFriendly,The same faction cannot be used as enemy and allied forces simultaneously. Please select different factions to continue.,同じ勢力を敵軍と友軍に同時指定することはできません。別の勢力を選択してください。,
JWK-Hint-NewGame-FactionPlayerDuplicated,The same faction cannot be selected for players and another conflict side simultaneously. Please select different factions to continue.,同じ勢力をプレイヤーと別の紛争側に同時に選択することはできません。続行するには別の勢力を選択してください。,
JWK-Hint-Ownership-Abandoned,You have abandoned ownership over this item.,所有権を放棄しました。,
JWK-Hint-Ownership-Taken,You claimed ownership over this item. This allows you to control who can access it.,所有権を取得しました。アクセスできるプレイヤーを制限できます。,
JWK-Hint-PlacementCantAttachToThis,This item cannot be attached to this object.,ここには取り付けられません。,
JWK-Hint-PlacementCantPlaceAny,You cannot place anything here.,ここには何も置けません。,
JWK-Hint-PlacementCantPlaceThis,You cannot place this here.,ここに置くことはできません。,
JWK-Hint-PlacementDenyCheckpoint,You are too close to an enemy checkpoint to place here.,敵のチェックポイントに近すぎます。,
JWK-Hint-PlacementDenyEnemyCamp,You are too close to an enemy camp to place here.,敵のキャンプに近すぎます。,
JWK-Hint-PlacementDenyFactory,You are too close to a factory to place here.,工場に近すぎます。,
JWK-Hint-PlacementDenyIllegalArea,You cannot place this in an illegal zone.,禁止区域には設置できません。,
JWK-Hint-PlacementDenyMilitaryBase,You are too close to a military base to place here.,軍事基地に近すぎます。,
JWK-Hint-PlacementDenyPlayerCamp,You are too close to a camp to place here.,キャンプに近すぎます。,
JWK-Hint-PlacementDenyPlayerFob,You are too close to an existing FOB to place here.,既存のFOBに近すぎます。,
JWK-Hint-PlacementDenyPort,You are too close to a port to place here.,港に近すぎます。,
JWK-Hint-PlacementDenyRadarSite,You are too close to an enemy radar site to place here.,敵のレーダーサイトに近すぎます。,
JWK-Hint-PlacementDenyRadioTower,You are too close to an enemy radio tower to place here.,敵の無線塔に近すぎます。,
JWK-Hint-PlacementDenyTown,You are too close to a town to place here.,町に近すぎます。,
JWK-Hint-PlacementLimitReached,No more objects can be placed in this area.,このエリアにはこれ以上設置できません。,
JWK-Hint-PlacementMustPlaceOnWall,This item has to be placed on a vertical surface.,垂直な面に設置する必要があります。,
JWK-Hint-PosterAlreadyPostered,A poster has been already placed here.,すでにポスターが貼られています。,
JWK-Hint-PosterAnotherTooClose,Selected placement is too close to another poster.,別のポスターに近すぎます。,
JWK-Hint-PosterAreaMaxed,No more posters can be placed in this area.,このエリアにはこれ以上ポスターを貼れません。,
JWK-Hint-ResourcesNotEnoughSpaceToStore,There is no space left to store the resources.,物資を保管する空きがありません。,
JWK-Hint-ResourcesTransferFailed,Failed to transfer resources.,物資の移送に失敗しました。,
JWK-Hint-ResourcesTransferOk,Resources have been transferred.,物資を移送しました。,
JWK-Hint-RespawnLocationUnavailable,This respawn location is now unavailable.,現在リスポーンできません。,
JWK-Hint-RespawnNoLocationsAvailable,You can't respawn at any location right now.,現在リスポーンできる地点がありません。,
JWK-Hint-ShopBusinessHoursClosed,This shop is currently closed. Come back later within business hours.,現在は閉店中です。営業時間内にまた来てください。,
JWK-Hint-ShopPlayerCantStoreItem,You have no space in your inventory to buy this item.,インベントリにスペースがありません。,
JWK-Hint-ShopStorageNoSpace,Not enough space in storage to perform purchase.,保管場所に空きがないため購入できません。,
JWK-Hint-ShopVehicleNoSpot,No free spot to place the vehicle.,車両を置ける空きスペースがありません。,
JWK-Hint-TownDonateNoSupplies,You do not have any supplies that could be donated.,寄付できる物資がありません。,
JWK-Hint-TownDonateOk,You have donated supplies to the town.,町に物資を寄付しました。,
JWK-HistoryEvent-CivilianDeath,"%1, a civilian, has been killed near %2.",民間人 %1 が %2 付近で殺害されました。,
JWK-HistoryEvent-PlayerDeath,%1 has been killed near %2.,%1 は %2 付近で殺害されました。,
JWK-HistoryEvent-PlayerDeathFriendlyFire,%1 has been killed by friendly fire near %2.,%1 は %2 付近での同士討ちにより死亡しました。,
JWK-HistoryEvent-PlayerDeathSuicide,%1 has died near %2.,%1 は %2 付近で死亡しました。,
JWK-HistoryEvent-ResistanceDeath,"%1, a %3 fighter, has been killed near %2.",%3 の戦闘員である %1 が %2 付近で殺害されました。,
JWK-HistoryEvent-ResistanceDeathFriendlyFire,"%1, a %3 fighter, has been killed near %2 by friendly fire.",%3 の戦闘員である %1 が %2 付近で同士討ちにより死亡しました。,
JWK-InventoryUI-HintBloodied,Your clothes are bloodied.,衣服が血で汚れています。,
JWK-Item-AliceMediumBackpack-Description,Medium size civilian backpack produced on Nogova. Copy of a US design.,ノゴヴァで製造された中型の民間用バックパック。米国製品の模倣品。,
JWK-Item-AliceMediumBackpack-Name,Orlík backpack,オルリク バックパック,
JWK-Item-BriefcaseProp-Desc,"Locked briefcase with unknown, but seemingly very important contents.",中身は不明だが、重要な物が入っているらしい施錠済みのブリーフケース。,
JWK-Item-BriefcaseProp-Name,Important briefcase,重要なブリーフケース,
JWK-Item-CampingKit-Description,"Can be used to establish a camp, creating a jump-off point for the resistance. After placing, the camp can be dismantled and the kit may be reused.",キャンプを設営し、レジスタンスの活動拠点として利用できます。設置後も撤去して再利用できます。,
JWK-Item-CampingKit-Name,Camping kit,キャンプキット,
JWK-Item-IIFSCIV-Description,"Largest backpack from the Batohárna Lipany product line, copy of a US design.",Batohárna Lipany製品群で最大のバックパック。米国製品の模倣品。,
JWK-Item-IIFSCIV-Name,Expedice backpack,エクスペディス バックパック,
JWK-Item-Keys-Description,A set of generic keys.,一般的な鍵の束。,
JWK-Item-Keys-Name,Keys,キー,
JWK-Item-KolobokCIV-Description,"Small tourist backpack, copy of a Soviet design.",ソ連製品を模した小型の観光用バックパック。,
JWK-Item-KolobokCIV-Name,Skautík backpack,スカウティク バックパック,
JWK-Item-PrisonKeys-Description,A set of prison keys.,刑務所の鍵のセット。,
JWK-Item-PrisonKeys-Name,Prison keys,刑務所の鍵,
JWK-Item-R148-FIA,R-148 Radio (FIA),R-148 ラジオ (FIA),
JWK-Item-R148-USSR,R-148 Radio (USSR),R-148 ラジオ (ソ連),
JWK-Item-Tent-Description,"Tents can be deployed at camps to enable respawning. They are single use, but can be picked up and moved.",キャンプに設置するとリスポーンが可能になります。1回使うと消費されますが、未使用なら回収して移動できます。,
JWK-Item-Tent-Name,Tent,テント,
JWK-Item-VeshmeshokCIV-Description,"Small personal backpack, a copy of Soviet military design. Produced by Batohárna Lipany n.p. on Nogova.",ソ連軍の設計を模した小型の個人用バックパック。ノゴヴァのBatohárna Lipany国営企業製。,
JWK-Item-VeshmeshokCIV-Name,Jiskra backpack,ジスクラ バックパック,
JWK-ItemHint-Bloodied,Soaked in blood. Wearing this will make you suspicious.,血まみれ。着用すると怪しまれます。,
JWK-ItemHint-NonCivilianItem,Illegal when used by civilians.,民間人が使用すると違法行為とみなされます。,
JWK-ItemHint-Undercover,Can be used in disguise.,変装にも使えます。,
JWK-Journal-ResistancePassphrases-Intro,"%1 uses passphrases to avoid deconspiration, as listed in the schedule below. Make sure to use the correct one when contacting resistance members to authenticate yourself.",%1では、活動の露見を防ぐため、以下の日程に従って合言葉を使い分けています。レジスタンスへ連絡するときは、身元確認のため正しい合言葉を使用してください。,
JWK-Journal-ResistanceRadioSchedule-Intro,"%1 changes its operating radio frequency according to the listing below. To establish radio communication with HQ, you must use the correct passphrase while within range of a controlled radio tower.",%1では、以下の日程に従って使用周波数を変更します。本部と無線通信するには、レジスタンスが管理する無線塔の通信範囲内で正しい合言葉を使用してください。,
JWK-JournalContent-Objectives,Objectives,目標,
JWK-JournalEntry-ContactPerson,Contact person,連絡担当者,
JWK-JournalEntry-Coordinates,Coordinates,座標,
JWK-JournalEntry-Location,Location,位置,
JWK-JournalEntry-Target,Target,ターゲット,
JWK-JournalText-Job-ClearCamp,"The occupier has deployed a SOF group to hunt one of our leaders down. Luckily enough, we have intel on their camping location. Find the camp and eliminate the group.",占領軍が、こちらの指導者を追跡するため特殊部隊を派遣した。幸い、奴らの野営地は判明している。キャンプを見つけ、部隊を排除せよ。,
JWK-JournalText-Job-DeliverItem,You have to deliver a very important... whatever. It's not your business. The briefcase is locked anyway. Just don't lose it and bring it in one piece to the recipient.,非常に重要な物を届けてもらう……中身を知る必要はない。ブリーフケースには鍵がかかっている。紛失せず、無傷のまま受取人へ届けろ。,
JWK-JournalText-Job-DeliverItem-LocationTown,%1,%1,
JWK-JournalText-Job-HarassMilitaryBase,"We need distraction. Engage with the enemy garrison and stay in contact until they launch an alarm. Do not try to capture it, once the alarm goes off you should back off immediately. This will be enough to keep their QRF busy for a moment.",陽動が必要だ。敵の駐屯部隊と交戦し、警報が発令されるまで戦闘を続けろ。基地の制圧は狙わず、警報が鳴ったらすぐ撤退すること。これで敵のQRFをしばらく足止めできる。,
JWK-JournalText-Job-Jailbreak,Our intelligence has credible information that captives are currently being held at one of the enemy prisons.,信頼できる情報によると、捕虜が敵の刑務所に拘束されている。,
JWK-JournalText-Job-Jailbreak-Deaths,"Ensure that none of the captives are killed during the escape, as this would put us in a very bad light.",脱出中に捕虜を一人も死なせるな。死者を出せば、レジスタンスの評判を大きく損なう。,
JWK-JournalText-Job-Jailbreak-GetAway,"Your task is to liberate them and escort them to a safe location, out of enemy fire and at a reasonable distance from the prison.",捕虜を解放し、敵の攻撃が届かない、刑務所から十分に離れた安全な場所まで護送せよ。,
JWK-JournalText-Job-KillEnemyHvt,"We received information about a high value target being present at one of the enemy locations. Your task is to eliminate the target by any means necessary. Once done, report back to the resistance.",敵拠点の一つに重要標的がいるとの情報を得た。手段は問わない。標的を排除し、完了後にレジスタンスへ報告せよ。,
JWK-JournalText-Location-Geo,near %1,%1付近,
JWK-JournalText-Location-HideoutGeo,resistance hideout near %1,%1近くのレジスタンスの隠れ家,
JWK-JournalText-Location-TownHideout,resistance hideout in %1,%1のレジスタンスの隠れ家,
JWK-JournalText-Person-ResistanceOfficer,resistance officer,レジスタンス将校,
JWK-JournalText-Person-ResistanceOperative,resistance operative,レジスタンス要員,
JWK-JournalText-Q-IntroDogtags-01,Collect %1 enemy dogtags and turn them in to a resistance trader to prove yourself trustworthy.,敵のドッグタグを%1個集め、レジスタンスのトレーダーへ提出して信頼に足ることを証明せよ。,
JWK-JournalText-Q-IntroDogtags-02,Dogtags are worn by all enemy service members and are very valuable as a proof and a trophy.,敵軍人は全員ドッグタグを身につけている。討伐の証拠や戦利品として高い価値がある。,
JWK-JournalText-Q-IntroFob-01,We need to set up an operating base to ramp up the resistance operations. Find a suitable place and establish a FOB. You will need an entrenching tool and some money to do that. Change your map mode to check potential building locations.,レジスタンスの活動を拡大するには作戦基地が必要だ。適切な場所を見つけ、FOBを設置せよ。塹壕構築ツールと資金が必要になる。マップモードを切り替えると、設置可能な場所を確認できる。,
JWK-JournalText-Q-IntroFob-02,Make sure to select a secluded spot away from the main roads. You don't want the enemy to know your camping location.,幹線道路から離れた、人目につかない場所を選べ。キャンプの場所を敵に知られてはならない。,
JWK-JournalText-Q-IntroPlaceholder-01,"For now, the main questline ends here. Capture control over all significant locations on the map in any order you like to win the revolution. Good luck!",現時点のメインクエストはここまでだ。マップ上の主要地点を好きな順番で制圧し、革命を勝利へ導け。健闘を祈る。,
JWK-JournalText-Q-IntroPosters-01,"Buy a propaganda poster from the resistance trader and poster at least %1 locations. Once done, report back for further tasks.",レジスタンスのトレーダーからプロパガンダポスターを購入し、少なくとも%1か所に貼れ。完了後、次の任務を受けるため報告せよ。,
JWK-JournalText-Q-IntroPosters-02,Places that can be postered are marked on your map.,ポスターを貼れる場所は地図上にマークされています。,
JWK-JournalText-Q-IntroResistance-01,Make contact with the resistance movement. Your friend in the organisation has left you a phone number: <b>%1</b> and a list of passphrases to use once you get through.,レジスタンスと接触せよ。組織内の友人が電話番号「<b>%1</b>」と、通話時に使う合言葉の一覧を残している。,
JWK-JournalText-Q-IntroResistance-02,Use a payphone to make the call and arrange a meeting. You wil receive further instructions in person.,公衆電話から連絡し、会合の場所を決めろ。詳しい指示は直接伝えられる。,
JWK-JournalText-Q-IntroResistance-03,"If you need to travel a long distance, use public transport or hijack a car.",長距離を移動する場合は、公共交通機関を利用するか車を奪え。,
JWK-JournalText-Q-IntroResistance-04,"When in doubt, make sure to check out the Field Manual.",疑問がある場合は、必ずフィールドマニュアルを確認してください。,
JWK-JournalText-Target-EnemyOfficer,enemy officer,敵将校,
JWK-JournalTitle-Info-PassSchedule,Passphrase schedule.,合言葉の日程,
JWK-JournalTitle-Info-RadioSchedule,Radio frequency schedule.,無線周波数の日程,
JWK-JournalTitle-Job-ClearCamp,Clear enemy camp.,敵キャンプを掃討,
JWK-JournalTitle-Job-DeliverItem,Special delivery.,特別配達,
JWK-JournalTitle-Job-HarassMilitaryBase,Create distraction.,陽動作戦,
JWK-JournalTitle-Job-Jailbreak,Jailbreak.,捕虜救出,
JWK-JournalTitle-Job-KillEnemyHvt,Eliminate HVT.,HVTを排除,
JWK-JournalTitle-Story-Dogtags,Collect enemy dogtags.,敵のドッグタグを回収,
JWK-JournalTitle-Story-FOB,Establish a FOB.,FOBを設置,
JWK-JournalTitle-Story-FindResistance,Find resistance.,レジスタンスと接触,
JWK-JournalTitle-Story-Placeholder,Defeat the enemy.,敵を打倒,
JWK-JournalTitle-Story-PosterUp,Poster up.,プロパガンダポスターを掲示,
JWK-JournalUI-CurrentDayNo,Day %1,%1日目,
JWK-JournalUI-Next,Next,次,
JWK-JournalUI-Prev,Previous,前へ,
JWK-JournalUI-Title,Journal,ジャーナル,
JWK-Keybind-Category-General,General,一般,
JWK-Keybind-RadialMenu,Radial menu,ラジアルメニュー,
JWK-Kolguyev-HamertinSawmill,Hamertin Sawmill,ハメルティン製材所,
JWK-Kolguyev-SoumontSawmill,Soumont Sawmill,スーモン製材所,
JWK-LocationName-CampFormat,Camp %1,キャンプ %1,
JWK-LocationName-FobFormat,FOB %1,FOB %1,
JWK-LockpickItem-Desc,Simple tool that can be used to open locks.,鍵を開けるための簡易工具。,
JWK-LockpickItem-Name,Lockpick,ロックピック,
JWK-MapLegend-Airport,Airport,空港,
JWK-MapLegend-Armory,Armory,武器庫,
JWK-MapLegend-BusStop,Bus stop,バス停,
JWK-MapLegend-Camp,Camp,キャンプ,
JWK-MapLegend-ClothingStore,Clothing store,衣料品店,
JWK-MapLegend-FOB,FOB,FOB,
JWK-MapLegend-Factory,Factory,工場,
JWK-MapLegend-FerryStop,Ferry stop,フェリー乗り場,
JWK-MapLegend-FuelStation,Fuel station,ガソリンスタンド,
JWK-MapLegend-Garage,Garage,ガレージ,
JWK-MapLegend-GeneralStore,General store,雑貨店,
JWK-MapLegend-Helipad,Helipad,ヘリパッド,
JWK-MapLegend-Jail,Jail,刑務所,
JWK-MapLegend-MOB,Military base,軍事基地,
JWK-MapLegend-Mail,Post office,郵便局,
JWK-MapLegend-MedicalStore,Medical store,薬局,
JWK-MapLegend-Phone,Phone booth,公衆電話,
JWK-MapLegend-PlayerCamp,Player camp,プレイヤーキャンプ,
JWK-MapLegend-Port,Port,港,
JWK-MapLegend-Poster,Poster location,ポスター掲示場所,
JWK-MapLegend-RadarSite,Radar site,レーダーサイト,
JWK-MapLegend-RadioTower,Radio tower,無線塔,
JWK-MapLegend-RepairStation,Repair station,整備施設,
JWK-MapLegend-Resistance,Resistance,レジスタンス,
JWK-MapLegend-ResourceStorage,Resource storage,物資貯蔵庫,
JWK-MapLegend-Town,Town,町,
JWK-MapLegend-Village,Village,村,
JWK-MapUI-Airport,Airport,空港,
JWK-MapUI-Camp,Camp,キャンプ,
JWK-MapUI-CivilianSupply,Civilian Supply,民間物資,
JWK-MapUI-ControllingFaction,Controlling Faction,支配勢力,
JWK-MapUI-DisplaySettings,Map display settings,マップ表示設定,
JWK-MapUI-FactionNone,none,なし,
JWK-MapUI-Factory,Factory,工場,
JWK-MapUI-FactoryProductionRate,Produces %1 supplies per hour between 8:00 and 16:00 when under control of the resistance.,レジスタンス支配下では、8:00から16:00まで毎時%1の物資を生産します。,
JWK-MapUI-ImportLocationTip,Control this location to import supporting faction vehicles.,友軍勢力の車両を輸入するには、この地点を制圧してください。,
JWK-MapUI-KeepTownControlTip,Keep control by maintaining at least %1% population support.,住民の支持を%1%以上に保つと支配を維持できます。,
JWK-MapUI-MilitaryBase,Military Base,軍事基地,
JWK-MapUI-PopulationSupport,Population Support,住民の支持,
JWK-MapUI-Port,Port,港,
JWK-MapUI-RadarSite,Radar Site,レーダーサイト,
JWK-MapUI-RadarSiteTip,Destroy all radars to neutralize the site.,すべてのレーダーを破壊して施設を無力化してください。,
JWK-MapUI-RadioTower,Radio Tower,無線塔,
JWK-MapUI-ResistanceHIdeout,Hideout,隠れ家,
JWK-MapUI-ResistanceHqHideout,HQ hideout,本部の隠れ家,
JWK-MapUI-Resources,Resources,物資,
JWK-MapUI-Settings-CampPlacement,Camp placement,キャンプの配置,
JWK-MapUI-Settings-FobPlacement,FOB placement,FOBの配置,
JWK-MapUI-Settings-IllegalZones,Illegal zones,禁止区域,
JWK-MapUI-Settings-RadioSignal,Radio signal,無線信号,
JWK-MapUI-Settings-TerritoryControl,Territory control,領土支配,
JWK-MapUI-SignalRange,Signal Range,通信範囲,
JWK-MapUI-Stability,Stability,安定度,
JWK-MapUI-TakeTownControlTip,Take control by raising population support to %1% and keeping the threat level below %2%.,住民の支持を%1%以上、脅威度を%2%未満にすると町を支配できます。,
JWK-MapUI-TakeTownControlTipBattle,Start the battle by increasing the threat level to %2% and ensuring at least %1% population support.,住民の支持を%1%以上確保し、脅威度を%2%以上にすると戦闘が始まります。,
JWK-MapUI-Tents,Tents,テント,
JWK-MapUI-ThreatLevel,Threat Level,脅威度,
JWK-MapUI-TownHideout-CreateTip,Establish a hideout by raising population support to %1%.,住民の支持を%1%以上にすると隠れ家が設置されます。,
JWK-MapUI-TownHideout-LoseTip,Keep population support above %1% to maintain the hideout.,隠れ家を維持するには住民の支持を%1%以上に保ってください。,
JWK-MapUI-Travel-BusStop,Bus stop,バス停,
JWK-MapUI-Travel-Cost,Travel will cost %1.,交通費は %1 かかります。,
JWK-MapUI-Travel-FerryStop,Ferry stop,フェリー乗り場,
JWK-NewGameUI-AmbientFaction,Civilian faction,民間勢力,
JWK-NewGameUI-EnemyFaction,Enemy faction,敵勢力,
JWK-NewGameUI-MoneyFormat,Money format,通貨形式,
JWK-NewGameUI-MoneyFormatWarning,Must contain {value} placeholder.,{value} プレースホルダーを含める必要があります。,
JWK-NewGameUI-PlayerFaction,Player faction,プレイヤーの勢力,
JWK-NewGameUI-StartGame,Start Game,ゲーム開始,
JWK-NewGameUI-SupportingFaction,Allied faction,友軍勢力,
JWK-NewGameUI-TabDifficulty,Difficulty,難易度,
JWK-NewGameUI-TabSetup,Setup,設定,
JWK-NewGameUI-Title,New game,New Game,
JWK-Notification-BankPlayerMoneyReceived,%1 has sent you %2.,%1から%2を受け取りました。,
JWK-Notification-BattleStartingFactory,Battle for %1 will begin soon.,%1 を巡る戦いが間もなく始まります。,
JWK-Notification-BattleStartingMilitaryBase,Battle for %1 will begin soon.,%1 を巡る戦いが間もなく始まります。,
JWK-Notification-BattleStartingTown,Battle for %1 will begin soon.,%1 を巡る戦いが間もなく始まります。,
JWK-Notification-ControlFactoryGained,The resistance took control over %1.,レジスタンスが%1を制圧しました。,
JWK-Notification-ControlFactoryNotGained,The resistance failed to take control over %1.,レジスタンスは%1の制圧に失敗しました。,
JWK-Notification-ControlMilitaryBaseGained,The resistance took control over %1.,レジスタンスが%1を制圧しました。,
JWK-Notification-ControlMilitaryBaseNotGained,The resistance failed to take control over %1.,レジスタンスは%1の制圧に失敗しました。,
JWK-Notification-ControlRadarSiteGained,Military radar site near %1 has been destroyed by the resistance.,%1付近の軍事レーダーサイトをレジスタンスが破壊しました。,
JWK-Notification-ControlRadioTowerGained,The resistance has captured a radio tower near %1.,%1付近の無線塔をレジスタンスが制圧しました。,
JWK-Notification-ControlTownDefended,The resistance defended their control over %1.,レジスタンスは %1 の支配を守りました。,
JWK-Notification-ControlTownGained,%2 took control over %1.,%2が%1を支配しました。,
JWK-Notification-ControlTownLost,%2 lost control over %1.,%2が%1の支配を失いました。,
JWK-Notification-ControlTownNotGained,The resistance failed to take control over %1.,レジスタンスは%1の制圧に失敗しました。,
JWK-Notification-DeliverItem-ContactDead,"Delivery job failed, the contact person is dead.",連絡相手が死亡したため、配達任務に失敗しました。,
JWK-Notification-DeliverItem-Delivered,Special delivery has been completed.,特別配達を完了しました。,
JWK-Notification-DeliverItem-HideoutFail,"Delivery job failed, destination hideout disbanded.",目的地の隠れ家が解散したため、配達任務に失敗しました。,
JWK-Notification-EnemyCampCleared,The resistance cleared an enemy camp near %1.,レジスタンスが%1付近の敵キャンプを掃討しました。,
JWK-Notification-GameFinishedDefeat,The uprising started by %1 has been crushed. %2 remains under %3 control.,%1が起こした蜂起は鎮圧されました。%2は引き続き%3の支配下にあります。,
JWK-Notification-GameFinishedVictory,%1 has won the uprising and took control over %2. Good job!,%1 は反乱に勝利し、%2 を支配しました。よくやった！,
JWK-Notification-GameStarted,"A new revolution has started. Rise up, people of %1!",新たな革命が始まりました。立ち上がれ、%1の人々!,
JWK-Notification-GrieferPunished,%1 has been punished for griefing by a higher power.,%1は迷惑行為により処罰されました。,
JWK-Notification-HideoutBackInOperation,The resistance hideout in %1 is back in operation.,%1 のレジスタンスの隠れ家が活動を再開しました。,
JWK-Notification-HideoutDisbanded,The resistance hideout in %1 has been shut down.,%1 のレジスタンスの隠れ家は閉鎖されました。,
JWK-Notification-HideoutEstablished,The resistance has established a new hideout in %1.,レジスタンスは %1 に新しい隠れ家を設立しました。,
JWK-Notification-HideoutHqDanger,The resistance HQ near %1 has been shut down due to imminent danger.,%1近くのレジスタンス本部は差し迫った危険のため閉鎖されました。,
JWK-Notification-HideoutHqEstablished,The resistance has established a new HQ hideout.,レジスタンスは新しい本部の隠れ家を設立しました。,
JWK-Notification-HideoutHqVipKilled,The %1 HQ near %2 is shut down due to operator death.,要員が死亡したため、%2付近の%1本部は閉鎖されました。,
JWK-Notification-HideoutTooHot,The resistance hideout in %1 is inoperable due to imminent danger.,差し迫った危険により、%1のレジスタンスの隠れ家は活動できません。,
JWK-Notification-HideoutVipKilled,The %1 hideout in %2 is shut down due to operator death.,要員が死亡したため、%2の%1隠れ家は閉鎖されました。,
JWK-Notification-JobJailbreakFailed,The resistance failed to free any prisoners in a jailbreak attempt.,レジスタンスは脱獄を試みたが、囚人を一人も解放できなかった。,
JWK-Notification-JobResigned,Job has been cancelled: %1,任務を中止しました：%1,
JWK-Notification-JournalUpdated,Journal has been updated.,ジャーナルが更新されました。,
JWK-Notification-PlayerCampDestroyed,%1 has been destroyed by enemy forces.,%1 は敵軍によって破壊されました。,
JWK-Notification-PlayerCampDismantled,%2 has been dismantled by %1.,%2 は %1 によって解体されました。,
JWK-Notification-PlayerCampEstablished,%2 has been established by %1 near %3.,%1が%3付近に%2を設営しました。,
JWK-Notification-PlayerCampRenamed,%2 has been renamed to %3 by %1.,%1が%2の名前を%3に変更しました。,
JWK-Notification-PlayerFobDismantled,%2 has been dismantled by %1.,%2 は %1 によって解体されました。,
JWK-Notification-PlayerFobEstablished,%2 has been established by %1 near %3.,%1が%3付近に%2を設置しました。,
JWK-Notification-PlayerFobRenamed,%2 has been renamed to %3 by %1.,%1が%2の名前を%3に変更しました。,
JWK-Notification-PrisonBreakStarted,Prison break started near %1!,%1付近で脱獄が始まりました！,
JWK-Notification-PrisonerEscaped,%1 escaped from prison near %2.,%1 は %2 近くの刑務所から脱獄しました。,
JWK-Notification-QuestReceivedMoney,You receive %1 for completing the job.,任務完了の報酬として%1を受け取りました。,
JWK-Notification-RadioTowerDestroyed,Radio tower near %1 has been destroyed.,%1近くの無線塔が破壊されました。,
JWK-Notification-SupporterDonationsIncome,You received %1 from your supporters.,支持者から %1 を受け取りました。,
JWK-PauseUI-Admin,Admin menu,管理者メニュー,
JWK-PauseUI-Settings,Settings,設定,
JWK-PhoneContact-MilitaryPolice,Military Police,憲兵隊,
JWK-PhoneContact-ResistanceHQ,Resistance HQ,レジスタンス本部,
JWK-PhoneUI-Call,Call number,電話をかける,
JWK-PhoneUI-Calling,Calling...,発信中…,
JWK-PhoneUI-Contacts,Contacts,連絡先,
JWK-PhoneUI-Delete,Delete,消去,
JWK-PhoneUI-HangUp,Hang up,電話を切る,
JWK-PhoneUI-Keypad,Keypad,キーパッド,
JWK-PlaceItem-BarbedWire,Barbed wire,有刺鉄線,
JWK-PlaceItem-BarbedWire_Description,Slow down your visitors.,侵入者の足止めに。,
JWK-PlaceItem-CustomSign,Custom sign,カスタム看板,
JWK-PlaceItem-CustomSign_Description,Keeps your stuff organized.,持ち物の整理に。,
JWK-PlaceItem-CustomSign_DescriptionLong,Sign with an editable text.,表示する文字を編集できる看板。,
JWK-PlaceItem-EquipmentBox,Equipment box,装備箱,
JWK-PlaceItem-EquipmentBox_Description,Store your items securely.,アイテムを安全に保管できます。,
JWK-PlaceItem-EquipmentBox_DescriptionLong,Inventory storage box with reasonable capacity for personal equipment. Can be locked to protect the items.,個人装備を保管できる中容量の収納箱。ロックして中身を守れます。,
JWK-PlaceItem-FOB,FOB,FOB,
JWK-PlaceItem-FOB_Description,Forward Operating Base,前線作戦基地（FOB）,
JWK-PlaceItem-FOB_DescriptionLong,Placing the flag will establish a new operating base.,旗を設置すると新しい作戦基地ができます。,
JWK-PlaceItem-Floodlights,Floodlights,投光器,
JWK-PlaceItem-Floodlights_Description,Enlighten yourself.,周囲を明るく照らします。,
JWK-PlaceItem-Floodlights_DescriptionLong,The light can be switched on and off.,照明をオン・オフできます。,
JWK-PlaceItem-Hedgehog,Hedgehog,対戦車障害物,
JWK-PlaceItem-Hedgehog_Description,Use to block roads.,道路の封鎖に使用します。,
JWK-PlaceItem-Lamps,Lamps,照明,
JWK-PlaceItem-Sandbags,Sandbags,土嚢,
JWK-PlaceItem-Sandbags_Description,Basic building block of a defensive position.,守備位置の基本的な構成要素。,
JWK-PlaceUI-MovementSpeed,Movement speed,移動速度,
JWK-PlaceUI-NextItem,Next item,次のアイテム,
JWK-PlaceUI-PrevItem,Previous item,前のアイテム,
JWK-PlaceUI-RotateLeft,Rotate left,左に回転,
JWK-PlaceUI-RotateRight,Rotate right,右に回転,
JWK-PlaceUI-Title,Place,設置,
JWK-PlayerRestUI-ButtonCancelReady,Cancel ready,準備完了を取り消す,
JWK-PlayerRestUI-ButtonRest,Rest,休む,
JWK-PlayerRestUI-ButtonSetReady,Set ready,準備完了にする,
JWK-PlayerRestUI-Duration,Duration,休息時間,
JWK-PlayerRestUI-PlayersReady,Ready,準備完了,
JWK-PlayerRestUI-Title,Resting,休息,
JWK-PlayerRestUI-WaitingForPlayers,Waiting for all players,全プレイヤーを待機中,
JWK-PreGameUI-AutoStartTimer,The game will start in %1 seconds.,ゲームは %1 秒後に開始されます。,
JWK-PreGameUI-Message,"Please wait for the server administrator to configure and start a new game. If you are the administrator, please log in by typing the command below into the chat.",サーバー管理者が設定して新しいゲームを開始するまでお待ちください。管理者の場合は、チャットに以下のコマンドを入力してログインしてください。,
JWK-PreGameUI-Message2,We encourage you to check out <b>Field Manual</b> to learn more about this game mode while you are waiting.,待機中に<b>フィールドマニュアル</b>を読み、このゲームモードについて確認しておくことをおすすめします。,
JWK-PreGameUI-MessageAutoStart,"If you are the administrator, you can stop the timer and adjust settings manually by typing the command below into the chat.",管理者は、以下のコマンドをチャットへ入力するとタイマーを停止し、設定を手動で変更できます。,
JWK-PropagandaPosterItem,Propaganda Poster,プロパガンダポスター,
JWK-PropagandaPosterItem-Desc,Posters can be hanged in various places to increase civilian population support and increase visibility of the resistance.,各地に貼ることで住民の支持とレジスタンスの認知度を高められます。,
JWK-QuestObjective-ClearCamp,Clear the camp.,キャンプを掃討,
JWK-QuestObjective-DeliverItem,Deliver the item.,アイテムを配達,
JWK-QuestObjective-EliminateTarget,Eliminate the target.,ターゲットを排除,
JWK-QuestObjective-LiberatePrisoners,Liberate prisoners.,捕虜を解放,
JWK-QuestObjective-PlacePosters,Place posters.,ポスターを掲示,
JWK-QuestObjective-ReportToResistance,Report back to the resistance.,レジスタンスに報告,
JWK-QuestObjective-TriggerAlarm,Trigger the alarm.,警報を作動させる,
JWK-QuestObjective-TurnDogtags,Turn in enemy dogtags.,敵のドッグタグを提出,
JWK-RadialMenu-Construct,Construct,建設,
JWK-RadialMenu-GameProgress,Campaign progress,キャンペーン進行状況,
JWK-RadialMenu-Journal,Journal,ジャーナル,
JWK-RadialMenu-Profile,Profile,プロフィール,
JWK-RadialMenu-TransferMoney,Transfer money,送金,
JWK-RadialMenu-UseRadio,Use radio,無線機を使う,
JWK-RadioTowerUI-Inoperable,The radio tower has been destroyed and is inoperable.,無線塔は破壊され、使用不能となっている。,
JWK-ResourceTransferUI-Amount,Amount,数量,
JWK-ResourceTransferUI-Source,Source,供給元,
JWK-ResourceTransferUI-Target,Target,移送先,
JWK-ResourceTransferUI-Title,Resource transfer,物資の移送,
JWK-ResourceTransferUI-TitleFuel,Fuel transfer,燃料の移送,
JWK-ResourceTransferUI-TitleSupplies,Supplies transfer,物資の移送,
JWK-RespawnUI-CampCost,Spawning at this camp will consume 1 tent.,ここでスポーンするとテントを1つ消費します。,
JWK-RespawnUI-FocusNext,Focus on next available,次の利用可能地点を選択,
JWK-RespawnUI-ResistanceLoadout-Tip,You will spawn as a resistance fighter.,レジスタンスの装備でスポーンします。,
JWK-RespawnUI-SuppliesCost,Respawning at this location will take %1 supplies.,ここでのリスポーンには物資が%1必要です。,
JWK-RespawnUI-Tip,Click on selected location to respawn.,選択した場所をクリックするとリスポーンします。,
JWK-RespawnUI-TipClickToRespawn,Click to respawn at this location.,クリックしてリスポーン,
JWK-RespawnUI-TownTipCost,Respawn will reduce population support by %1.,リスポーンにより住民の支持が %1 減少します。,
JWK-RespawnUI-TownTipLoadout,"You will spawn in civilian clothes, with a handgun and a map.",私服姿で、拳銃とマップを持ってスポーンします。,
JWK-RespawnUnavailable-BattleInProgress,This respawn location is not available due to ongoing battle.,戦闘中のためリスポーンできません。,
JWK-RespawnUnavailable-EnemiesNearby,Cannot respawn while enemies are present at this location.,敵がいるためリスポーンできません。,
JWK-RespawnUnavailable-Generic,This respawn location is not available at the moment.,現在リスポーンできません。,
JWK-RespawnUnavailable-NoSupporters,You need local population support to respawn at this location.,リスポーンするには住民の支持が必要です。,
JWK-RespawnUnavailable-NoTents,No tents are available at this camp for respawn.,リスポーンに使えるテントがありません。,
JWK-RespawnUnavailable-NotEnoughSupplies,Spawning here requires at least %1 supplies in storage.,ここでスポーンするには、ストレージに少なくとも %1 個の物資が必要です。,
JWK-RespawnUnavailable-NotPlayerFaction,This location must be under resistance control to respawn.,レジスタンス支配下の地点でなければリスポーンできません。,
JWK-ShopUI-Buy,Buy,購入,
JWK-ShopUI-BuyPrice,Buy price:,購入価格:,
JWK-ShopUI-LoadoutView,Loadout view,ロードアウト表示,
JWK-ShopUI-PlayerInventoryEmpty,There are no items in your inventory to sell.,インベントリには販売できるアイテムがありません。,
JWK-ShopUI-PlayerStock,You have:,所持数：,
JWK-ShopUI-Sell,Sell,売却,
JWK-ShopUI-SellPrice,Sell price:,販売価格：,
JWK-ShopUI-ShopInventoryEmpty,There are no items available for purchase.,購入できるアイテムはありません。,
JWK-ShopUI-ShopStock,Shop stock:,店舗在庫：,
JWK-ShopUI-Title,Shop,ショップ,
JWK-Speech-Actor-Stranger,Stranger,よそ者,
JWK-Speech-AmbCiv-ConvertHos01,You are a bunch of terrorists. You should be arrested.,お前たちはテロリストだ。逮捕されるべきだ。,
JWK-Speech-AmbCiv-ConvertHos02,"The regime brought order, and you people just want chaos.",政権が秩序をもたらしたのに、お前たちは混乱を望んでいるだけだ。,
JWK-Speech-AmbCiv-ConvertHos03,I hope they find you. I'll be the one pointing the gun.,奴らがお前を見つけることを願うよ。そのとき銃を向けるのは私だ。,
JWK-Speech-AmbCiv-ConvertHos04,"I stand with the ones who actually protect this place, not you.",私はこの土地を本当に守っている側につく。お前たちではない。,
JWK-Speech-AmbCiv-ConvertHos05,I'll make sure authorities learn about it.,当局に必ず知らせてやる。,
JWK-Speech-AmbCiv-ConvertNeg01,That just sounds like another way to die.,そんなのは死に方が一つ増えるだけだ。,
JWK-Speech-AmbCiv-ConvertNeg02,Change? That's a fairy tale. I'm just trying to stay alive.,変革だって？ そんなのはおとぎ話だ。私はただ生き延びたい。,
JWK-Speech-AmbCiv-ConvertNeg03,Get lost. I don't need your cause or your problems.,失せろ。お前たちの大義にも厄介事にも興味はない。,
JWK-Speech-AmbCiv-ConvertNeg04,I'm not cut out for that kind of thing. Sorry.,私には向いていない。悪いな。,
JWK-Speech-AmbCiv-ConvertNeg05,I tried once. It didn't end well.,一度やってみたが、ひどい目に遭った。,
JWK-Speech-AmbCiv-ConvertNeg06,Join you? I'm not suicidal.,仲間になれだって？ 自殺する気はない。,
JWK-Speech-AmbCiv-ConvertNl01,Already embedded. I just don't advertise it.,もう協力している。ただ公言していないだけだ。,
JWK-Speech-AmbCiv-ConvertNl02,You're not the first to ask. I signed up a while ago.,同じことを聞かれたよ。とっくに参加している。,
JWK-Speech-AmbCiv-ConvertNl03,You guys seriously need to talk to each other. I'm with you.,仲間同士でもっと情報を共有しろ。私はもうそちら側だ。,
JWK-Speech-AmbCiv-ConvertNl04,You don't need to convince me. I've bled for this already.,説得は要らない。このためにもう血を流してきた。,
JWK-Speech-AmbCiv-ConvertOk01,Count me in. It's time someone stood up to them.,私も加わる。誰かが立ち向かうべき時だ。,
JWK-Speech-AmbCiv-ConvertOk02,I'm done watching. Let's fight.,もう黙って見てはいられない。戦おう。,
JWK-Speech-AmbCiv-ConvertOk03,Tell your people I'm ready. Let's get to work.,準備はできていると仲間に伝えてくれ。始めよう。,
JWK-Speech-AmbCiv-ConvertOk04,I'm in. Just tell me what needs to be done.,参加する。何をすればいいか教えてくれ。,
JWK-Speech-AmbCiv-ConvertOk05,Hell yeah. Let's mess them up.,もちろんだ。奴らをぶちのめそう。,
JWK-Speech-AmbCiv-ExtortNeg01,That supposed to scare me? Try harder.,それで脅しているつもりか？ もっと工夫しろ。,
JWK-Speech-AmbCiv-ExtortNeg02,"I've got nothing for you, except regret.",お前に渡す物などない。後悔ならくれてやる。,
JWK-Speech-AmbCiv-ExtortNeg03,Wow. Extortion. So original.,へえ、恐喝か。斬新だな。,
JWK-Speech-AmbCiv-ExtortNeg04,"Get lost, I'm not scared of you.",失せろ。お前なんか怖くない。,
JWK-Speech-AmbCiv-ExtortNeg05,You're not the first to try.,そうやって脅してきたのはお前が初めてではない。,
JWK-Speech-AmbCiv-ExtortOk01,"Alright, alright! Just don't hurt me!",分かった、分かった！ 乱暴はしないでくれ！,
JWK-Speech-AmbCiv-ExtortOk02,Please... just leave me alone.,頼む……もう放っておいてくれ。,
JWK-Speech-AmbCiv-ExtortOk03,It was for my kid's medicine... but whatever. Take it.,子供の薬代だったんだ……もういい、持っていけ。,
JWK-Speech-AmbCiv-ExtortOk04,You're nothing but a thug.,ただのごろつきじゃないか。,
JWK-Speech-AmbCiv-ExtortRes01,You are worse than the regime.,お前たちは政権よりひどい。,
JWK-Speech-AmbCiv-ExtortRes02,"Fine, but you just lost a supporter.",悪くない。だが支持者を一人失ったぞ。,
JWK-Speech-AmbCiv-ExtortUnd01,I'm sure the resistance will pay back for this.,レジスタンスがこの報いを受けることになるぞ。,
JWK-Speech-AmbCiv-ExtortUnd02,You are just bandits in uniforms.,お前たちは制服を着た盗賊にすぎない。,
JWK-Speech-NoPants01,Wear some pants before you talk to me.,話しかける前にズボンを履け。,
JWK-Speech-NoPants02,I'm not talking to naked strangers.,裸の見知らぬ奴とは話さない。,
JWK-Speech-NoTalk01,I have nothing to say to you.,お前に話すことはない。,
JWK-Speech-NoTalk02,I'm busy.,私は忙しい。,
JWK-Speech-NoTalk03,Leave me alone.,放っておいてくれ。,
JWK-Speech-NoTalk04,Don't bother me.,邪魔をしないでくれ。,
JWK-Speech-Pass-Agate,Agate.,アゲート。,
JWK-Speech-Pass-Alligator,Alligator.,アリゲーター。,
JWK-Speech-Pass-Amber,Amber.,アンバー。,
JWK-Speech-Pass-Bear,Bear.,ベア。,
JWK-Speech-Pass-Diamond,Diamond.,ダイヤモンド。,
JWK-Speech-Pass-Fox,Fox.,フォックス。,
JWK-Speech-Pass-Hawk,Hawk.,ホーク。,
JWK-Speech-Pass-Pearl,Pearl.,パール。,
JWK-Speech-Pass-Salamander,Salamander.,サラマンダー。,
JWK-Speech-Pass-Topaz,Topaz.,トパーズ。,
JWK-Speech-Pass-Wolf,Wolf.,ウルフ。,
JWK-Speech-PhonePickup01,"Yeah, who's there?",ああ、誰だ？,
JWK-Speech-Player-AskFollow01,Come with me.,一緒に来てくれ。,
JWK-Speech-Player-AskFollow02,Follow me.,ついてこい。,
JWK-Speech-Player-AskJob,Do you have something for me?,何か仕事はあるか？,
JWK-Speech-Player-CivConvert01,You look like someone who's had enough. Join us.,もう我慢の限界に見えるな。私たちに加わらないか。,
JWK-Speech-Player-CivConvert02,"I've had enough of these pigs. Are you in, or are you just surviving?",あの豚どもにはうんざりだ。仲間になるか、それとも生き延びるだけか？,
JWK-Speech-Player-CivConvert03,"If you're tired of hiding, pick up a cause worth dying for.",隠れ続けるのに疲れたなら、命を懸ける価値のある大義に加われ。,
JWK-Speech-Player-CivConvert04,Not everyone's blind to what's going on. Some of us are doing something about it.,誰もが現実から目を背けているわけではない。私たちは行動を起こしている。,
JWK-Speech-Player-CivConvert05,Are you willing to make a difference? Because we are.,この状況を変える気はあるか？ 私たちにはある。,
JWK-Speech-Player-CivConvert06,"We've got fire, we've got purpose - all we're missing is you.",情熱も目的もある。足りないのは君だけだ。,
JWK-Speech-Player-CivConvert07,You want change? You don't get it by sitting around. Join us.,変えたいのなら、座っているだけでは何も変わらない。私たちに加われ。,
JWK-Speech-Player-CivConvert08,You sick of their boot on your neck? Then maybe it's time to push back.,奴らに踏みつけられるのはうんざりだろう？ そろそろ反撃する時だ。,
JWK-Speech-Player-CivConvert09,Orders? We make our own now. Join us.,命令なら、これからは自分たちで決める。私たちに加われ。,
JWK-Speech-Player-CivConvert10,There's a war coming whether you're ready or not. Best be on the right side.,準備ができていようがいまいが戦争は始まる。正しい側につくことだ。,
JWK-Speech-Player-CivExtort01,"I'm not asking twice. Money, now.",二度は言わない。今すぐ金を出せ。,
JWK-Speech-Player-CivExtort02,"You pay now, or you bleed later. Simple math.",今払うか、後で血を流すかだ。簡単な話だろう。,
JWK-Speech-Player-CivExtort03,Protection doesn't come free. Give me your money.,守ってもらうには金が要る。金を出せ。,
JWK-Speech-Player-CivExtort04,This is the part where you give me what I want.,ここでおとなしく、要求どおりの物を渡すんだ。,
JWK-Speech-Player-CivExtort05,Last guy who said no is still chewing through a straw.,断った前の奴は、今もストローで食事をしているぞ。,
JWK-Speech-Player-Dogtags-1,I'm ready to do whatever it takes to help our cause.,大義のためなら何でもする覚悟はできている。,
JWK-Speech-Player-Intro-1,"Hey, we talked earlier. I want to join the fight.",前に話したな。戦いに加わりたい。,
JWK-Speech-Player-JobDone01,The job is done.,仕事は終わった。,
JWK-Speech-Player-JobResign01,I can't do this job.,この仕事はできない。,
JWK-Speech-Player-JobResign02,I have to pass this one to someone else.,これはほかの誰かに任せる。,
JWK-Speech-Player-JobResign03,This is not a job for me.,この仕事は私には向いていない。,
JWK-Speech-Player-Liberate01,"Get out of here, you are free.",ここから逃げろ。もう自由だ。,
JWK-Speech-Player-Liberate02,I am getting you out of here.,ここから出してやる。,
JWK-Speech-Player-PostersAsk,Got any more of those posters?,あのポスターはまだあるか？,
JWK-Speech-Player-ReportResistance01,"There are people with guns, we're scared, can you send a patrol over here?",銃を持った連中がいて怖いんです。こちらにパトロールを送ってもらえませんか？,
JWK-Speech-Player-StopFollow01,Stay here.,ここで待て。,
JWK-Speech-Player-StopFollow02,Don't move now.,ここを動くな。,
JWK-Speech-Player-StopNpc01,"Hey, wait a moment.",おい、ちょっと待ってくれ。,
JWK-Speech-Player-StopNpc02,"Hey, excuse me.",おい、ちょっといいか。,
JWK-Speech-Player-TurnDogtags,More enemies are eating dirt. Here's proof.,また敵を何人か始末した。これが証拠だ。,
JWK-Speech-Player-WhereCanWeMeet,Where can we meet?,どこで会える？,
JWK-Speech-RO-Dogtags-1,"So, you want to take it to the next level?",それで、次の段階へ進む気になったか？,
JWK-Speech-RO-Dogtags-2,We are running an... um... incentive scheme of sorts.,我々は、その……一種の報奨制度を設けている。,
JWK-Speech-RO-Dogtags-3,Certain friends of our cause are offering money for every eliminated enemy soldier.,我々の大義に賛同する者が、敵兵一人を排除するごとに報奨金を出している。,
JWK-Speech-RO-Dogtags-4,"They don't buy our word, but enemy dogtags are solid proof.",我々の言葉だけでは信用されないが、敵のドッグタグなら確かな証拠になる。,
JWK-Speech-RO-Dogtags-5,Bring me a handful of those if you're not joking around.,本気なら、ドッグタグを何枚か持ってきてくれ。,
JWK-Speech-RO-DontCall,Don't call this number.,この番号にはかけるな。,
JWK-Speech-RO-Fob-1,Your next task is to set up a field operating base.,次の任務はFOBの設置だ。,
JWK-Speech-RO-Fob-2,Pick a good spot for it. You can use your map to check which areas are too dangerous.,適した場所を選べ。危険すぎる地域はマップで確認できる。,
JWK-Speech-RO-Fob-3,"You'll need some money to kick it off. Oh, and don't forget a shovel.",始めるには資金が必要だ。それと、シャベルを忘れるな。,
JWK-Speech-RO-HideoutLocationA,Go to coordinates,次の座標へ向かえ,
JWK-Speech-RO-HideoutLocationB,Make sure you are not followed.,尾行されていないことを確認しろ。,
JWK-Speech-RO-Intro-1,"Very well then. But we need more people before we take up arms. Actually, there is something you can do for us.",分かった。だが武器を取る前に、もっと仲間が必要だ。そこで、君に頼みたいことがある。,
JWK-Speech-RO-Job-DeliverItem,Take this briefcase. I need you to deliver it to someone. Don't look inside.,このブリーフケースをある人物に届けてくれ。中は見るな。,
JWK-Speech-RO-JobDeadDrop,You're calling just in time. Grab instructions from the dead drop at coordinates:,ちょうどいい時にかけてきた。次の座標にあるデッドドロップから指示書を回収しろ：,
JWK-Speech-RO-JobMeet,Yes. Come visit me for further instructions.,ある。詳しい指示を出すから、こちらへ来てくれ。,
JWK-Speech-RO-JobNote,I'm glad you came. Take this note with instructions.,よく来た。指示を書いたこのメモを受け取れ。,
JWK-Speech-RO-JobReportOk01,Well done. I wish we had more like you in our ranks.,よくやった。君のような者がもっといればいいのだが。,
JWK-Speech-RO-JobReqReportPerson01,Report back to me in person after the job is done.,仕事が終わったら、直接報告に来てくれ。,
JWK-Speech-RO-JobResign01,"Too bad, that was important.",残念だ。重要な仕事だったのだが。,
JWK-Speech-RO-JobResign02,"Shame, I thought you were capable.",残念だ。君ならできると思っていた。,
JWK-Speech-RO-JobResign03,Think twice before you waste my time again.,次に私の時間を無駄にする前によく考えろ。,
JWK-Speech-RO-NoHideoutLocation,I am not around. Reach me out when things get calmer.,今は会えない。状況が落ち着いたらまた連絡してくれ。,
JWK-Speech-RO-NoJobAvailable,"Not right now, but check back later. ",今はない。また後で確認してくれ。,
JWK-Speech-RO-PassOK,"Okay, go on.",よし、通れ。,
JWK-Speech-RO-Posters-1,We have to spread the word. Visit nearby towns and hang a bunch of revolutionary posters.,我々の主張を広める必要がある。近隣の町へ行き、革命のポスターを何枚か貼ってくれ。,
JWK-Speech-RO-Posters-2,"Look for cabinets, advertisement boards, signs and other things that attract attention.",キャビネットや広告板、看板など、人目につく場所を探せ。,
JWK-Speech-RO-Posters-3,"This is illegal, make sure you are not seen putting these up, or at least don't get yourself killed.",違法行為だから、貼るところを見られるな。少なくとも命は落とすなよ。,
JWK-Speech-RO-PostersAlreadyHave,You already have enough posters with you. It's too dangerous to carry more.,もう十分なポスターを持っている。これ以上持ち歩くのは危険だ。,
JWK-Speech-RO-PostersComeLater,I don't have any more left at the moment.,今はもう残っていない。,
JWK-Speech-RO-PostersNoSpace,Make some space in your bag if you want the posters.,ポスターが欲しければバッグに空きを作れ。,
JWK-Speech-RO-PostersOk,Here they are.,これを持っていけ。,
JWK-Speech-RO-RadioCalloutAnswer,"Loud and clear, over.",よく聞こえる。どうぞ。,
JWK-Speech-RO-TurnDogtagsReply,"Great job, here's your reward.",よくやった。これが報酬だ。,
JWK-Speech-ROB-ItemDelivered,I was expecting you. Thanks for the delivery.,待っていた。届けてくれてありがとう。,
JWK-Speech-RadioCalloutTail01,"Do you read me, over?",聞こえるか？ どうぞ。,
JWK-Speech-Side-MilitaryPolicePickup01,You've reached the Military Police post. How can I help you?,憲兵隊です。ご用件は？,
JWK-Speech-Side-ResistanceReportReply01,"Hang tight, we will dispatch someone your way immediately.",その場で待っていてください。すぐに人員を向かわせます。,
JWK-SupportStation-ActionInvalid-NotEnoughMoney,Not enough money.,所持金が足りません。,
JWK-SupportStation-ActionInvalid-VehicleTypeService,This vehicle type cannot be serviced at this support station.,この種類の車両は、この整備施設では扱えません。,
JWK-Town-CurfewInEffect,Curfew is in effect from %1 to %2.,外出禁止令は %1 から %2 まで有効です。,
JWK-Town-MartialLawInEffect,Martial law is in effect.,戒厳令が施行されている。,
JWK-TownHostiles-CivilianMurdered,Civilian Murdered,民間人を殺害,
JWK-TownHostiles-PrisonerDeath,Prisoner Killed,囚人を殺害,
JWK-TownSupporters-PrisonEscape,Prisoner Escaped,囚人が脱走,
JWK-TownSupporters-PropagandaPosters,Propaganda Posters,プロパガンダポスター,
JWK-TownSupporters-SuppliesDonation,Donated Supplies,物資を寄付,
JWK-TownThreat-CivilianExtorted,Extorted Civilians,民間人を恐喝,
JWK-TownThreat-Explosion,Explosion,爆発,
JWK-TownThreat-Gunfire,Shots Fired,銃撃,
JWK-TownThreat-OccupierKilled,Occupier Killed,占領軍兵士を殺害,
JWK-TownThreat-PlayerKilled,Freedom Fighter Killed,レジスタンス兵が死亡,
JWK-TownThreat-PrisonBreak,Prison Break,脱獄,
JWK-TownThreat-PropagandaPosters,Propaganda Posters,プロパガンダポスター,
JWK-TownThreat-ResistanceReportedCall,Military Police Alarmed,憲兵隊に通報,
JWK-TownThreat-ResistanceSighted,Resistance Sighted,レジスタンスを目撃,
JWK-TownThreat-SuppliesDonation,Donated Supplies,物資を寄付,
JWK-TownThreat-VehicleHijacked,Stolen Car,盗難車,
JWK-UI-Apply,Apply,適用,
JWK-UI-Cancel,Cancel,キャンセル,
JWK-UI-Close,Close,閉じる,
JWK-UI-Confirm,Confirm,決定,
JWK-UI-LocationPlaceholder,unknown location,不明な場所,
JWK-UI-Select,Select,選択,
